path	size_bytes	sha256	suffix	content_class
.github/workflows/package.yml	1382	6a9b00685531cff9e36c6f787cb6795da6340a2646ce57cd3a1646a5a7a5d249	.yml	text
.github/workflows/tests.yml	2146	a2de196ad86ff9ad436ec267157bb90bbeb6089f7ce3eda2e033199cfb814242	.yml	text
.zenodo.json	1642	7ea09c4fe8308c12e758ecb7ef057df53d9601a08fd2a4005b4331562a4835fa	.json	text
CHANGELOG.md	6900	06d04495081c8c956bbe2e17a72bfbc118fc2826b46b85d3462098c65c92fe7d	.md	text
CITATION.cff	646	5d8189b8139124b3e089f81c3be499d90923ecc07d5a3b7626306b9a18f5f9ad	.cff	text
CONTRIBUTING.md	2480	23a78f08f5609b03d6925f4486d591b0723e5a3e27c73967844c38db18884c1b	.md	text
LICENSE	11376	aa0a2a25fc7bf54e1d620da65212a15eebed3142849b9f86e8e2d993dd44ba5a		binary_or_packaged
MANIFEST.in	1158	81ffc9e7dd0f95ca6063e5d11df7043e01f6e65dc78b61bb16d1412ac72621b0	.in	text
NOTICE	269	48beee843d1f1e4e06efecda390c8fb62730bdfd080e1c9de1498a5f1a903248		binary_or_packaged
PKG-INFO	18950	64bf91ba9b82b0c2aabb66d4ce539921b37532deaa85e5b6b17733d3cdcf8cb3		binary_or_packaged
README.md	17153	7424f74d2ccaa55eceb2e9886597c99a0f015f9ba1ffeadc1f02a4529974c414	.md	text
REPRODUCING.md	1167	efe6a3ef9b9bb44ac78c5f5b3fca69df3718b5e491bd2f696940954af9621608	.md	text
api/stage4/contract_manifest.json	3657	0ed7608be076f19106ced91dbe9439e380d6092d8f065572161d2fd0fe9726c9	.json	text
api/stage4/fixtures/compare_models.request.csv	381	b377c36e7b306417e05a51a1263ec433a7a81db35beb62588b74d78ed16de401	.csv	text
api/stage4/fixtures/compare_models_upload_run.response.json	2076	ab26cd7b109ba69f3d85c8fed5d3504d8096e2299ece86307da9c1dddf2d6f50	.json	text
api/stage4/fixtures/coupling_decide.request.json	384	eaf905c0ada69b87bd753e318fc25baefdc7166969430556ed88d2f2670d540c	.json	text
api/stage4/fixtures/coupling_decide.response.json	3485	7e0abe7e71232aefc58acba1f3509483789d6648af4ad699eb42dc703233a29c	.json	text
api/stage4/fixtures/decide_coupling.request.csv	121	519b0041fd1ba44fc949b1ea9ad3a9bea767cc831ac0beeee20a0865f0498006	.csv	text
api/stage4/fixtures/decide_coupling_upload_run.response.json	3485	7e0abe7e71232aefc58acba1f3509483789d6648af4ad699eb42dc703233a29c	.json	text
api/stage4/fixtures/export_markdown.request.csv	121	519b0041fd1ba44fc949b1ea9ad3a9bea767cc831ac0beeee20a0865f0498006	.csv	text
api/stage4/fixtures/export_markdown_upload_run.response.json	638	99372b4f307724e9eb6d2b6c36f2b33b37669fa79f6948dc4b972165b4ee9614	.json	text
api/stage4/fixtures/health.response.json	368	8d36d658a26998aff995188b7d4b2a32e36cbef6aa0f08c0ca9ccc4a3311acaa	.json	text
api/stage4/fixtures/jobs_bundle.request.json	1456	6e1e04142d1500ea1e4ab4f99241781a74a656b15e629d294a064e8317d3eccb	.json	text
api/stage4/fixtures/jobs_bundle.response.json	4034	b206927e46744a632ba20edabe1f05721d1b6ff48fec117ddc041c7da723b030	.json	text
api/stage4/fixtures/jobs_list.response.json	2511	89b4eb27f10043985c2de9cd79071088dae63958cf8c5aad0d4aeb649006a779	.json	text
api/stage4/fixtures/jobs_metadata.response.json	2377	a6e3b3610e119f33de33e4da1f7acf6772c5d410233aa5486b74759bea4971a0	.json	text
api/stage4/fixtures/jobs_result.response.json	2274	84f77b8a8ed02687f13d74a0034ad614782b6c7cebe0a17928f30282eb1e4c99	.json	text
api/stage4/fixtures/jobs_run.request.json	2235	60910ddd8c8373f13e1e5311b50a5110c423027dfd69aabcab1343d36703f600	.json	text
api/stage4/fixtures/jobs_run.response.json	5052	9b98a29b143031ce70f6372c191f6273022fe232b73db4477e14aee55954579a	.json	text
api/stage4/fixtures/jobs_stored_bundle.response.json	4034	b206927e46744a632ba20edabe1f05721d1b6ff48fec117ddc041c7da723b030	.json	text
api/stage4/fixtures/jobs_submit.response.json	4588	d03444c6a77f9abf1fbae1ef1b4c4a2a6989aafe6992e19553a13adb6b224d41	.json	text
api/stage4/fixtures/jobs_summary.response.json	410	39e03cc9b13cec4f19798af06e7da6e93ed5429cc7e35f9b1f085c89604522b2	.json	text
api/stage4/fixtures/models_compare.request.json	1399	0a833b4bb442d78c641e404cf22d01b2aaf9ca67d4269de2faa56a5e413d92d2	.json	text
api/stage4/fixtures/models_compare.response.json	2076	ab26cd7b109ba69f3d85c8fed5d3504d8096e2299ece86307da9c1dddf2d6f50	.json	text
api/stage4/fixtures/reports_markdown.request.json	386	03d90e10247d3b3f9dc4c16b053d6b6a06202c5e52bdc6e9bec2b838d877d945	.json	text
api/stage4/fixtures/reports_markdown.response.json	638	99372b4f307724e9eb6d2b6c36f2b33b37669fa79f6948dc4b972165b4ee9614	.json	text
api/stage4/fixtures/reserve_summarize.request.json	1882	17f363dc03bc1c2107a7e8293545f962b76dddbe7a2193bceb9729f766f336ec	.json	text
api/stage4/fixtures/reserve_summarize.response.json	3749	18eb348b2ad526d7b06012881eeddce59df0371c8920f6e91a9c3aad7961d57a	.json	text
api/stage4/fixtures/residence_score.request.json	2204	6fc7a18c4362242a893800aaa95a695df2fff07e4cb2d23d8163278b55ab828e	.json	text
api/stage4/fixtures/residence_score.response.json	5052	9b98a29b143031ce70f6372c191f6273022fe232b73db4477e14aee55954579a	.json	text
api/stage4/fixtures/schemas.response.json	1016	5ebd230d3997ce3f59b614f6d272ba86215b5f08988161c2653c819e7427cd57	.json	text
api/stage4/fixtures/schemas_validate.request.json	2197	0b198213365f5f30bf535fc460e27f1012610e7dd1f944a8d619ed54b7db1de0	.json	text
api/stage4/fixtures/schemas_validate.response.json	654	badf46f54b28b4d7ca8ab5f4e779792b477069bc191f1442efe3ffd5921638e9	.json	text
api/stage4/fixtures/score_residence.request.csv	486	26c1625b16c8db5e0ce85602c65ee12e58239493912f15078f8d10e85e579b32	.csv	text
api/stage4/fixtures/score_residence_upload_run.response.json	5052	9b98a29b143031ce70f6372c191f6273022fe232b73db4477e14aee55954579a	.json	text
api/stage4/fixtures/summarize_reserve.request.csv	436	2bfc546d59170d6ed1638e89ca1f4f6e7223a26f8eb4a3ad96ecf85f7724c619	.csv	text
api/stage4/fixtures/summarize_reserve_upload_run.response.json	3749	18eb348b2ad526d7b06012881eeddce59df0371c8920f6e91a9c3aad7961d57a	.json	text
api/stage4/fixtures/validate_trajectory.request.csv	486	26c1625b16c8db5e0ce85602c65ee12e58239493912f15078f8d10e85e579b32	.csv	text
api/stage4/fixtures/validate_trajectory_upload_run.response.json	654	badf46f54b28b4d7ca8ab5f4e779792b477069bc191f1442efe3ffd5921638e9	.json	text
api/stage4/frontend_contract.json	4691	5f3a743b0dc676b61af769d9237dc00b24244f0e1f79d581e0aff71f90156478	.json	text
api/stage4/openapi.json	21513	9d82f3e74b7acbdb2d5e1b0f700614d50a67bfb4855ff8104652d2f200650dde	.json	text
case_studies/cell_painting_mitotox_endpoint_model_rows.csv	2616006	931638514a199b29391c57da7a255a64919f12da778968ab1b091c77efb2cb4a	.csv	text
case_studies/cell_painting_mitotox_endpoint_summary.csv	3981	c237d1f2aa2f186843a64ecd16fa4af825c97df40544bca8ded793271ef20f75	.csv	text
case_studies/cell_painting_mitotox_model_comparison.provenance.json	2938	71b9391afcce3df5a174b642fc299d4bb768d59ed73edc24c907439c7e87d9da	.json	text
case_studies/cell_painting_mitotox_model_ranking.csv	703	32cc2bd056b520aa8fa0060c8a1263c40c65db60e191c0258dffc3f4f2370b3f	.csv	text
case_studies/drg_calcium_residence_amplitude_benchmark.csv	92711	223ca597bb97e7a385ab73398c7acebf35f1c73f355db50cb74b20f1954e65c8	.csv	text
case_studies/drg_calcium_residence_amplitude_benchmark.provenance.json	1749	ce50193ff9fc3a08f974672f3a2723b70a1aa2f03da6868715e4e28db0a3a138	.json	text
case_studies/erk_gpcr_erk_akt_bounded_coupling.csv	608	b31f5aae5cc2c875e32703d4c8e71c96f7713835584e27bcee7b5ea2a4809d6e	.csv	text
case_studies/erk_gpcr_erk_akt_bounded_coupling.provenance.json	3111	72fa63ebe5f0ee0fee77c47c13a9e94db54271f854ea2ecad834f18f1a610501	.json	text
case_studies/erk_gpcr_erk_akt_hardening_report.json	2179	6520eed3acd1fd899c635ab6a01641ed333d36ac9a8f3180e76196a6c019af65	.json	text
case_studies/erk_gpcr_erk_akt_margin_sensitivity.csv	5671	fb3028da57a969660194c8ce28dd897cbed5568ab357ff6b005572a9a22ab9a2	.csv	text
case_studies/erk_gpcr_erk_akt_residence_summary.csv	23546	0e5c2b0b6879d61cb377d8519e8edfb5fc2211512f10f178835591278b6d24b5	.csv	text
case_studies/erk_gpcr_erk_akt_threshold_sensitivity.csv	4064	c5393f9ba41243ed89efdaeecfb3dbfc765a3a940407e0abc7228df423d6735d	.csv	text
case_studies/erk_gpcr_residence_amplitude_benchmark.csv	40594	40b4bd2ac59ea31923f11a4ad60c82c98a1ef4bf4cc4dc0a5541c58a9644be4e	.csv	text
case_studies/erk_gpcr_residence_amplitude_benchmark.provenance.json	2524	f56ac4349fb7474286dc1db535ac16431ac8303b337f0ce9a5fb7ea2a7eab58c	.json	text
case_studies/mlci_public_man_track_subset.txt	669	c12f7b57a82730ba11b7dc5f23aabd02b65e36a3660145a02b606e92c3a08ebe	.txt	text
case_studies/mlci_public_track_features_subset.csv	2954	f6e6cae73ddd1ff3ad0e22126131b21f1a74955c42803f874ba44f44cbc969d0	.csv	text
case_studies/mlci_public_track_features_subset.provenance.json	1775	0bff9873fbc1bf74df3a59321cc45502ef290514a2f799531506a63eecad126e	.json	text
case_studies/public_data_candidates.tsv	6474	16d0339173ffdd4963c4e50540e9f01317ad8ac1002d6857b91046251a5005ab	.tsv	binary_or_packaged
case_studies/stage3_case_study_bank_gate_report.json	5362	64972a7b565d6891682adbc73ddf59346f165fa4f5335c2afaaed7514633243a	.json	text
case_studies/stage7_benchmarks/failure_behavior_summary.csv	223	0f0251ede68489750ec4c3fd147e58458237ba4b570f00db20454c6e94c02f00	.csv	text
case_studies/stage7_benchmarks/grouping_sample_size_sensitivity.csv	1133	1d0106b0aaaa981ede9e959e22b0c3d556854c23de0d47df1ed393ad7951771a	.csv	text
case_studies/stage7_benchmarks/invalid_trajectory_missing_time.csv	52	8bb1c487c080d5b7bf73e8eeef0bc9a092ba6c449e6e368eb54a85839946fd47	.csv	text
case_studies/stage7_benchmarks/margin_sensitivity_summary.csv	1814	e723c764c99ee565df585d97114ad39393e20af0a43383ffa9d82da970f2bf61	.csv	text
case_studies/stage7_benchmarks/performance_summary.csv	471	249152d193bb54a36a97e1fb26f3188ab6a053a191e4cdf19a09e2f3bfacfec9	.csv	text
case_studies/stage7_benchmarks/public_fixture_benchmark_summary.csv	792	e4e1eb64bcaae4fa75ab54efda41e9d1027674e1011ab940bf74fa877274e0c6	.csv	text
case_studies/stage7_benchmarks/stage7_2_benchmark_report.json	3844	19ee222b10dbf12890c94ebf0a1e01dcfb2f304488789d27e6626ace54d10e5d	.json	text
case_studies/stage7_benchmarks/synthetic_coupling_baseline_comparison.csv	1756	ea211e90f0b583d06663e8a9e5937c0932c87d17cc035017ece06df29867d810	.csv	text
case_studies/stage7_benchmarks/synthetic_model_baseline_comparison.csv	1827	f57364a87e2b71dd49c01499837b4ec351ad189787a6a9eae80cf9be2236300b	.csv	text
case_studies/stage7_benchmarks/synthetic_reserve_baseline_comparison.csv	925	24d7344d8565387d42982613f1e6bcbbdefaf965006c8af43b2f6700f7e5f2f5	.csv	text
case_studies/stage7_benchmarks/synthetic_residence_baseline_comparison.csv	2159	0a76a19f5781da2bc31dd1c70848af403d44ca95534705d99f1bd38ffed23164	.csv	text
case_studies/stage7_benchmarks/window_sensitivity_summary.csv	453	b8b79725acb1b1c60f5c979d9aa0c1e21f773b7d920a4e80ca65e81d790c3caf	.csv	text
case_studies/stage7_endpoint_reserve_routing/candidate_ranking.tsv	1427	894b4f3c562e0962cbe5990432d36e486dd5f67bef6a2242a18156bab67e7fea	.tsv	binary_or_packaged
case_studies/stage7_endpoint_reserve_routing/cell_painting_endpoint_reserve_routing_report.md	1636	a76eca3809ce3f6a079f1897d90daa0a598cc4f904dbf869b13843217c051d74	.md	text
case_studies/stage7_endpoint_reserve_routing/cell_painting_reduced_alternative_decisions.tsv	870	bf319de661b9cdcf8c8312d4a54140a56bdae6ac174988213a3e3db1129e1e08	.tsv	binary_or_packaged
case_studies/stage7_endpoint_reserve_routing/cell_painting_reserve_like_endpoint_rows.csv	181001	28b631795eac887c1ea4a250041d1ccbd3830924bb0da5b872114c978edcfd0a	.csv	text
case_studies/stage7_endpoint_reserve_routing/cell_painting_reserve_like_model_summary.csv	613	c6a719b2303d37c66e70836c57cbc4163578b467ee42099b1c53caeb10f2d6ed	.csv	text
case_studies/stage7_endpoint_reserve_routing/cell_painting_reserve_like_uncertainty.csv	383	08e49e04d2e680444e010508016e84b781684383c45457c8ba65a8741e59865c	.csv	text
case_studies/stage7_endpoint_reserve_routing/cell_painting_routed_model_comparison.csv	1284	ae7d9935d08a2c18623d71c8f4374cd1a005768039533b926ff1692b821e6d9b	.csv	text
case_studies/stage7_endpoint_reserve_routing/cell_painting_tidy_endpoint_model_rows.csv	3717506	b376227611a8d757024faf5a7f42e2fe236fcc3a287a847bd04d739569259f94	.csv	text
case_studies/stage7_endpoint_reserve_routing/erk_akt_bounded_coupling_decisions.csv	1400	2e348a07c12e9e9e7b91f88dd607ebabaa500a50fd81f5f797e13ed131f58920	.csv	text
case_studies/stage7_endpoint_reserve_routing/erk_akt_bounded_coupling_stage7_4_report.md	847	16bfcff3b8437f88a022daaaae0da90b154dde9fc545b847e77ab30a6d864ece	.md	text
case_studies/stage7_endpoint_reserve_routing/stage7_4_case_report.md	985	39f6b8ee3ac1ff126ea6a1d34b67f6493d08a49578b2c08844ae588a93d774d0	.md	text
case_studies/stage7_endpoint_reserve_routing/stage7_4_case_summary.tsv	797	0ed946da29c92d4134aad64f36d53cd6480d668afacb3fcd99d2d63a03d2526d	.tsv	binary_or_packaged
case_studies/stage7_endpoint_reserve_routing/stage7_4_endpoint_reserve_routing_gate_report.json	3064	78f26cc84b7b2ebe84f676d463f8cbdb0125edd3bdbf1a560aea576a84593e71	.json	text
case_studies/stage7_endpoint_reserve_routing/stage7_4_provenance.json	3968	d7a9475a71afa0df473a3866763a042078f740186fd8e45b17e4f0380bd4ea72	.json	text
case_studies/stage7_heldout_validation/candidate_ranking.tsv	674	bfba4327303c29c439d0d1fc0fe33efd96fbf5ec282f3e1b62cea4339956cd1c	.tsv	binary_or_packaged
case_studies/stage7_heldout_validation/controlled_access_note.md	508	5f5a5124c53c9a4e9a1966fb2b3157caaa75acdf2b04f04f8eb54764ec096e01	.md	text
case_studies/stage7_heldout_validation/heldout_analysis_plan.json	1713	0c34a022ca76518a0b90cbdc6071c4efbbc382987a279046a4ce941b6329af42	.json	text
case_studies/stage7_heldout_validation/heldout_analysis_plan.md	1373	084eaaabd502228ded68fe1b62be98c92a329626cd085069e6e79cc572c8cecd	.md	text
case_studies/stage7_heldout_validation/heldout_bounded_coupling_decisions.csv	3438	38474a076513e6897dcf8b110bc6968feef249aa9aac2b9f82184940669ca8d0	.csv	text
case_studies/stage7_heldout_validation/heldout_margin_sensitivity.csv	8059	d9c66a723e1e66c1198dd32c4f143fa713d912a309cc7201fa6616bef894b342	.csv	text
case_studies/stage7_heldout_validation/heldout_paired_reporter_tidy_trajectories.csv	2590925	84a1a8d46a3a825e37ce7e3ee8cf3fdc03e5ebc05959cffa1b378ec8859ce6e4	.csv	text
case_studies/stage7_heldout_validation/heldout_residence_summary.csv	70254	6db7cfb1d4929c4c2756bbd8f01a65de1755ecd305bf542b6d491693b2fcf307	.csv	text
case_studies/stage7_heldout_validation/heldout_validation_outcomes.tsv	565	afe21d1f2e89c8d92e7cb0b5a6cddb752fb7ec2a34a95363d9e9e10af4478b54	.tsv	binary_or_packaged
case_studies/stage7_heldout_validation/stage7_5_heldout_validation_gate_report.json	3472	b1a6ef7ca2f97a94c20336c9a3a71fbeb8be0334345d0fc0f9c9e3737eef8aaa	.json	text
case_studies/stage7_heldout_validation/stage7_5_heldout_validation_report.md	2833	dc2dab6dfec4c1012fceb607f294e68993cc4a9dafb7bc8ec35fc60653c94380	.md	text
case_studies/stage7_heldout_validation/stage7_5_provenance.json	4720	80b665109bdc1491f1b36a82d4111e509af8846d5c1e3552230a45b5f2575edf	.json	text
case_studies/stage7_methods_readiness/claim_evidence_crosswalk.tsv	2215	cbd4db50f13de9623fd5f75e87985f4a1bbcc55b97d95e798e86b3b254879813	.tsv	binary_or_packaged
case_studies/stage7_methods_readiness/figure_artifact_crosswalk.tsv	3027	0ff604f5c4e08b07922750076d54f2be1835b069cdcc6d2dc6f08b8a30c5cba9	.tsv	binary_or_packaged
case_studies/stage7_methods_readiness/limitations_traceability.tsv	1245	5d6f792bebb8364ee5b83059d7bde74f82a4d9cd674a83ff62ad9063cf4caee6	.tsv	binary_or_packaged
case_studies/stage7_methods_readiness/methods_readiness_checklist.tsv	726	448630a2f966dcb8016ee01be14c3f5e65a50919c11a60a069c8e476a162be46	.tsv	binary_or_packaged
case_studies/stage7_methods_readiness/stage7_7_8_recursive_hardening_report.json	1684	6f35dfb99f6dc9bcba20f09ba99c6ff842fb6634fa03257d3a3dbeebcacb6c2b	.json	text
case_studies/stage7_methods_readiness/stage7_8_methods_readiness_gate_report.json	1206	ae843c31e89a2b40faf0522c12afbc8aff7224a8478486e5e57f934d5ea449d7	.json	text
case_studies/stage7_methods_readiness/stage7_8_methods_readiness_report.md	3416	8ea5828be624e7b5f4d7a4963973123a39ecfb423d43fd26e781d48880858ff8	.md	text
case_studies/stage7_methods_reproducibility/cross_surface_parity.tsv	639	05629ff35cf1955209e8f3394d2205bcd5cbd84ac77e156b6d681b4e8d2ef7d6	.tsv	binary_or_packaged
case_studies/stage7_methods_reproducibility/methods_output_comparison.tsv	6413	4ea2bbf7a1ec72c9e1b99c34dd0874dd14b22340145a2c556b43463d3b7944a6	.tsv	binary_or_packaged
case_studies/stage7_methods_reproducibility/methods_reproducibility_commands.tsv	1076	d3ba791a202ca745eba0f49264af1cd669be432301254031ba3d6fcd858b52bd	.tsv	binary_or_packaged
case_studies/stage7_methods_reproducibility/release_archive_manifest.tsv	66952	4b2eed74572ea42257de530f2ebbadaa342cd543262037f1b5bec26bd29e30d1	.tsv	binary_or_packaged
case_studies/stage7_methods_reproducibility/stage7_6_methods_reproducibility_gate_report.json	31097	cb8a2af51fac2c7b17d597ddc9b9d453c16e1e3b641f003dbe6e67258582931d	.json	text
case_studies/stage7_methods_reproducibility/stage7_6_methods_reproducibility_report.md	4541	86ea38b27775aba2584d60efb6e55065125b39c1293d3b15e9c2b307c7f46da8	.md	text
case_studies/stage7_methods_reproducibility/stage7_6_recursive_hardening_report.json	1069	fe778d74774d54f8c12877130dd45df7dfef016a2961133bf3615788bbbda5c2	.json	text
case_studies/stage7_public_signaling/candidate_ranking.tsv	1310	cca2191a30ad3729f2df19ca74a4a486a40477938ebf9d711e37844294104267	.tsv	binary_or_packaged
case_studies/stage7_public_signaling/drg_calcium_case_report.md	1648	791815658f3621fed6faf7a5cd6bb00f626abc4b45a839c1882a813a6249215f	.md	text
case_studies/stage7_public_signaling/drg_calcium_provenance.json	2723	77c68f9fab887c48547e536819d1e2f311f8f8af3510ebd7e3550b3ae41c38e4	.json	text
case_studies/stage7_public_signaling/drg_calcium_residence_amplitude_summary.csv	92711	223ca597bb97e7a385ab73398c7acebf35f1c73f355db50cb74b20f1954e65c8	.csv	text
case_studies/stage7_public_signaling/drg_calcium_tidy_trajectories.csv	17227918	af46b43ec114ed5bd07caff46081e4cb80e2d5c3205f44791b8cfa500cd14604	.csv	text
case_studies/stage7_public_signaling/drg_calcium_uncertainty_summary.csv	476	b883cb91a19fc6de07bbb1c4fa2465e5843b772c29fd90fdedefcf59c5489a1b	.csv	text
case_studies/stage7_public_signaling/drg_calcium_window_sensitivity.csv	546	9ec93b8fb9d192d73186bef5b25a1970f02c6f038d77545036516a5661f160ff	.csv	text
case_studies/stage7_public_signaling/erk_gpcr_case_report.md	1625	542f3092893571f035095c267f97b76a7cc067ae40ca6c723b8642bf4ba4a650	.md	text
case_studies/stage7_public_signaling/erk_gpcr_provenance.json	3453	12fb0203b049ec2f9002a6ea54e8ca81f859b5a518d21ef7fe2505dddae34c43	.json	text
case_studies/stage7_public_signaling/erk_gpcr_residence_amplitude_summary.csv	40594	40b4bd2ac59ea31923f11a4ad60c82c98a1ef4bf4cc4dc0a5541c58a9644be4e	.csv	text
case_studies/stage7_public_signaling/erk_gpcr_tidy_trajectories.csv	788067	60cfc64f95f529f72c05fff7ba523ac9d1ca0d804999273b8b6a5126bdbb3fb7	.csv	text
case_studies/stage7_public_signaling/erk_gpcr_uncertainty_summary.csv	448	228c0161a1c2778a5228fafebf763d4bc3638906e03fd675d6c8e12d1faa2141	.csv	text
case_studies/stage7_public_signaling/erk_gpcr_window_sensitivity.csv	564	dc9a005d9c9ef1d69b350271768150d3af803aa876e5e39a9710c232aa02138c	.csv	text
case_studies/stage7_public_signaling/public_signaling_case_summary.tsv	1076	ec6f808ae8f6fba3dbfa271fd47408ad4d2799f367e8a4767aefcc2d4aa40e28	.tsv	binary_or_packaged
case_studies/stage7_public_signaling/stage7_3_public_signaling_gate_report.json	3700	9fd5be2156127d391c12187d5663182debacefbfa92a4f6e38873dede4dc9a28	.json	text
case_studies/stage7_synthetic_truth/coupling_interval_cases.csv	190	37fe1f5de1ad13d661784a1e30071a12949d26ebf9ee6831169460749de69d80	.csv	text
case_studies/stage7_synthetic_truth/endpoint_ambiguous_close_fit.csv	246	3432e16e4569f0511dc2d9630a3d19801db4dabaff011dbab5c06f49a71f80b3	.csv	text
case_studies/stage7_synthetic_truth/endpoint_counterexample_endpoint_sufficient.csv	242	7ca8ad37b451c66f4679ca37f34ffa1041728d272a36cda026b8598c4bc6c890	.csv	text
case_studies/stage7_synthetic_truth/endpoint_positive_routed_best.csv	245	51fd4c8875c687b08347979e187a1ea0e43d02f69a4c8c2d5a31a5e69becda7f	.csv	text
case_studies/stage7_synthetic_truth/reserve_ambiguous_midreserve.csv	153	d39ad83b93a60ed8b9d4abd7551414a2f81a563ce5d20a6b4ec6cdc985708514	.csv	text
case_studies/stage7_synthetic_truth/reserve_counterexample_fragile.csv	162	a97640cd3ed045d692366d4c425111706f52a08cb84f602f203d3603c23f506a	.csv	text
case_studies/stage7_synthetic_truth/reserve_positive_buffered.csv	144	8db709d824cce674d651984e46ab7d5047978328d08d57b9cffdb272d6560148	.csv	text
case_studies/stage7_synthetic_truth/stage7_1_synthetic_truth_report.json	4566	ff177b2def04f27ff3fe803bff1d362f498554bff48b1d4f7c1435fcef5a72c4	.json	text
case_studies/stage7_synthetic_truth/trajectory_ambiguous_window_edge.csv	230	607c530a187c7a14c9fa61dc301d39aa3805b7b8f3100b02d0827f46d19eacbd	.csv	text
case_studies/stage7_synthetic_truth/trajectory_counterexample_amplitude_only.csv	270	5099a8b66a8bed9545dd3d26625102828bad668cd3fddfdba50c460e7145d863	.csv	text
case_studies/stage7_synthetic_truth/trajectory_positive_residence.csv	213	abec1d008848f3b2780b2b644ed8dff186fe995a5517847f0cf1c7cdd04add76	.csv	text
case_studies/stage7_synthetic_truth/uncertainty_cases.csv	1056	898526d09ac6066b732f87b8b7f92bd862aa1e6ffaf367431d0887a761871d8f	.csv	text
case_studies/stage7_usability_rehearsal/biologist_residence_task_result.json	1727	7c695987b9157db016b03dd7df41033d86eb8617af739e0aeb859e4110be1c88	.json	text
case_studies/stage7_usability_rehearsal/export_examples_manifest.tsv	520	ea78df2f5de12f12af86051ce26ae9ffc8a37c77d6e8d0bfe4f37c6da1853a2f	.tsv	binary_or_packaged
case_studies/stage7_usability_rehearsal/quantitative_reproduction_result.json	1734	78bcf3828d11c7dd7dfe526343cbd69a28bda1bea2e3f86d8bfb0d476ba76e6b	.json	text
case_studies/stage7_usability_rehearsal/stage7_7_usability_gate_report.json	6445	b7c93e8b45f9e4c77648192d87257685f108583b91313e5cf22a414eebca5388	.json	text
case_studies/stage7_usability_rehearsal/stage7_7_usability_rehearsal_report.md	1962	95e237568c23460bb89626da6ae739798a8881333930aba7ee56c0b839d6296a	.md	text
case_studies/stage7_usability_rehearsal/usability_task_protocol.tsv	931	aa15135c785be1029ffc4392965d0e4f5b43dace68ef31e0c1334c4978d53017	.tsv	binary_or_packaged
case_studies/stage7_usability_rehearsal/user_path_findings.tsv	1285	9ff8579413854211099339f887e435ac7f73f5472d3f6252c84dfcb979eb0e16	.tsv	binary_or_packaged
case_studies/stage7_usability_rehearsal/workbench_flow_check.json	574	8a0017283fb47126ab6e43d6bb9a9ad6119ad3348132f74d57229d3532d3afc9	.json	text
deploy/docker-compose.stage4.yml	705	85173bb519903b8cdd5912587aedcc9ad794e21660100f80c47ab1430e9d6d29	.yml	text
deploy/stage4.Dockerfile	393	0ca6ef82b955bc83c2bd9f64e27bd74219a4d14319f8cb2f47161db6b0d7ad84	.dockerfile	binary_or_packaged
deploy/stage4.env.example	777	97ca6b4a0a24c04742ec331f450d63665033f355481db5bf5e7bdc7abb1c469b	.example	text
docs/api_reference.md	4158	6c9c1d14a21a2995e63194289ada24feb2fa18161c6625dd251fb1d9af097032	.md	text
docs/architecture.md	8164	a089ab8d80d8d4f11e1c96f218763f5d1c31cf38d74902fe89e96c8abebf932f	.md	text
docs/broken_link_scan_report.json	19789	431a7b17e9de8c2f5d4fbcb63392f60a7719b1dd4facd3876bdcb98eb1fc1dcb	.json	text
docs/broken_link_scan_report.md	154	c0bd207ab161fe6a5ea52fc75eb6ffe8a7ee62f4f60f1aff163387cf7795d53d	.md	text
docs/cell_painting_endpoint_benchmark.md	3010	e86a7eae6f8fb2b8d3b1059e994dfcba616b44b2513ba8c472aeb00f7f440a15	.md	text
docs/clean_room_reproducibility.md	3176	e5e5e93f751e6a8dd4fe469b1ea17215f84b5e9e76e82679b9ded2a9ed34dde5	.md	text
docs/clean_room_reproducibility_report.md	4719	8970433600fb615f8505c438d2e46ad834acedeca792b736e4c1206e2f068018	.md	text
docs/cli_reference.md	3464	fe78dc501e4c77a6b4671b2a165d2bc78df23d9694c130e9e075639b75147581	.md	text
docs/dependency_review_report.json	4219	25778d4a49e295577675cca3d81add84d143426cca0e7b45c66fdcaa7365a749	.json	text
docs/dependency_review_report.md	397	ee80f9129a3ac1fe228a546f9f00d4fd89ad817dd5122c5c632c625c52a00c8d	.md	text
docs/docker_smoke_audit_report.json	2375	54052abafca8b3de36aab99a2c26a5f33e3d590628fe692b1c305322531d8dc2	.json	text
docs/drg_calcium_public_benchmark.md	3080	c3c46e6c04daf0d8d35fd41c558b542ab75b8784f42079d7fe23676c48e26ac3	.md	text
docs/erk_akt_bounded_coupling_benchmark.md	5275	4e135be30e98d6d203afb15daf5d93d17e78e877cdb7f55796838659026bf1e3	.md	text
docs/erk_gpcr_public_benchmark.md	2292	02e96658773447e9848331ba9537bbf4cfcf60fdfda90231e43ff3ccc8ee9805	.md	text
docs/example_workflows.md	2188	4a48d69c5e675e88b38e68975d31232f3533943977ae8ed3003d6af329ec68bd	.md	text
docs/final_release_hardening.md	1523	1714ad49b50bfabd4c8856ed8887f1cf84e0a8af235f8feef604e7004d5932ef	.md	text
docs/index.md	1494	571b7c2523990ca5efb0f209599c4a5adbda222030e1bf9adf1359eef0436d73	.md	text
docs/input_schema_guide.md	3309	a6436cafcda548af785d71b0f323fb50ee179145ab2aa496ff6d4ceb2ed96200	.md	text
docs/interpretation_guide.md	3143	d64bf7a3430e287661526108efd8723f9d728c969d62b0f6f9890183384c6eb8	.md	text
docs/mlci_public_tutorial.md	9682	b6a59cb24d0f73df8573318db20ae12f07c79f7562da97bdb1e032edfbb65c50	.md	text
docs/optional_extras.md	1795	949c4e7dcc0ef5ae39af694d412c65beae0f0b30f3b4d17f698a103670f21210	.md	text
docs/paper_case_study_adapter.md	1548	7d8f6dffce2206af85015b58327e8946d50105e95214db8161d00d8792f433d8	.md	text
docs/public_case_study_candidates.md	9787	59b11cf2b79df34a10f1e517d7bbcbf65e9cce81e96f36110cd074e2327b6618	.md	text
docs/public_release_integrity_report.json	3610	6931b7b7031e11fba808a991b6c3475fb2214037603fa9d24bb284348267208d	.json	text
docs/public_release_integrity_report.md	1297	22fb761218dac1df77606eff81b96d7aa7b90ef274f33a813e04f3e81dbee66c	.md	text
docs/pypi_dry_run_report.json	18170	58eaaa47a197d09eff475cc735a93f0c2e2ba6fe0e52791efebd40308c211c6f	.json	text
docs/pypi_dry_run_report.md	1377	f89dad672e4a8dbc880a2de662037e91a2a6211e0743e56d03c7e9ed47f8d82c	.md	text
docs/release_checklist.md	4666	684cdb152467437c6be4921630a699657c4bd58227603c0b6af55a77043232f5	.md	text
docs/release_checksums.csv	54910	f25f0fc6e4c467fe55326b87b92a83d7dfbedc2c97f5bc8b4b4c6ac283d5552a	.csv	text
docs/release_checksums.json	86921	5528edfa575890f0c554d2cfea141e7b1b0a2d5fbb0cf0a56a8fa41efb1b5a32	.json	text
docs/release_notes_v0.1.0.md	3235	ee9f2cf4d98c8e85d43fddb6f7df3eff5809901b99a38977c6351c808a8d20d6	.md	text
docs/reproducibility_card.md	2376	157acef41047b338c1d79e62c9636520a88180ecd46c402ae123ba1ce4a3abb8	.md	text
docs/roadmap.md	32972	412d626191ced4f81c818f417724062f80456a6c639e57b04904419184a4a7b1	.md	text
docs/roadmap_execution_memory.json	49922	816e7ac7b25929f0a9c4889625694386243f45fb1368f973f11c4f3e74025550	.json	text
docs/screenshot_regression_report.json	12521	e6562764f569cf7c634f45afe1ce0bee9fbdee897101c270ef2e50257f3f209e	.json	text
docs/screenshot_regression_report.md	237	92b92101c946069f389917e24e1a3ba3a7152897c73fc34f64916136aa418c82	.md	text
docs/stage3_case_study_bank.md	3729	30ea62d5202f7688facc414056b88c4ea0ddd06bc1adfa5fd309e072b96722a4	.md	text
docs/stage3d_hardening_routes.md	2599	88b39dcbe0688ec1e2465e337ea72d961ba782c981c72a4f2faecbec75a8d3f8	.md	text
docs/stage4_backend.md	12326	7fa9e5c2405ed82f414b90636d3aea7a1ada0abe9a9fe168301a5a0c0158f582	.md	text
docs/stage4_closeout.md	1446	2ef44d4a02985742ad6f02bb3816dda6e398d704ff1836232a79d6c4358bd9a1	.md	text
docs/stage5_closeout.md	3519	b6d36a94696168d80d79f0bbea94069d080aa407efbe5c15a1db97858d4fc422	.md	text
docs/stage5_frontend.md	6448	12d6480ce219f33a35bbc17dd916717728be3aa7e52f7399ad98e4dee7be946c	.md	text
docs/stage5_public_mlci_workflow.md	2877	699735bfca55dae60e1d4523718aa30171d3cf1c1d7aec948bdd1b1d3283d6a9	.md	text
docs/stage7_0_artifact_map.md	9715	6660d2e0196d72af4a25e824837dba27ae228ac9d25d96d8c3c1be8ba3ca7971	.md	text
docs/stage7_0_baseline_method_inventory.md	5802	a20062cffaae0da39b39cf7b959e8e1ab505b8b1e8187c24abeadbdf23356008	.md	text
docs/stage7_0_dataset_selection_rubric.md	5622	a2ab987c2ef77e75afbcbb995f75f957fbdb71463b9603374e96134df1571a4c	.md	text
docs/stage7_0_gate_report.json	1745	494b57ee6449e9bd8843ae80ce3d6ed75ac6b969e8701463105324be3b3e24ec	.json	text
docs/stage7_0_source_register.md	8273	f5c2a483dab919a2a8af476f064d34943765c1f1a48566568521b1c8c5b3c400	.md	text
docs/stage7_1_gate_report.json	2141	59e22513338c1fd2af9254ed05e873c74d4d293b128c70aa41289e55d032a723	.json	text
docs/stage7_2_gate_report.json	1918	abe663824a9d11be7bc7ece05661b0ec16ef3d77641a1e2d16623411458457a0	.json	text
docs/stage7_3_gate_report.json	1712	bfd3dae51f29cdf09e533cf28e9d07646dab260ab8b3ecffb8448dc61999a3f6	.json	text
docs/stage7_4_gate_report.json	3064	78f26cc84b7b2ebe84f676d463f8cbdb0125edd3bdbf1a560aea576a84593e71	.json	text
docs/stage7_5_gate_report.json	3472	b1a6ef7ca2f97a94c20336c9a3a71fbeb8be0334345d0fc0f9c9e3737eef8aaa	.json	text
docs/stage7_6_api_stability_policy.md	4016	1b3e8b53ce26923b48b64fe3e5606eff119f284a461b33b3056351e6bbd1755d	.md	text
docs/stage7_6_clean_room_report.json	31097	cb8a2af51fac2c7b17d597ddc9b9d453c16e1e3b641f003dbe6e67258582931d	.json	text
docs/stage7_6_gate_report.json	31097	cb8a2af51fac2c7b17d597ddc9b9d453c16e1e3b641f003dbe6e67258582931d	.json	text
docs/stage7_6_recursive_hardening.md	2420	208bf1d1c19339195234641d53c59dcbe9469b28e1a8ac5653adeb8a61f35264	.md	text
docs/stage7_6_recursive_hardening_report.json	1069	fe778d74774d54f8c12877130dd45df7dfef016a2961133bf3615788bbbda5c2	.json	text
docs/stage7_7_8_recursive_hardening.md	1516	482d564e742cc9cb0ee61cf28397d1887be8d6600740d6d8bc48007b6f1530c7	.md	text
docs/stage7_7_8_recursive_hardening_report.json	1684	6f35dfb99f6dc9bcba20f09ba99c6ff842fb6634fa03257d3a3dbeebcacb6c2b	.json	text
docs/stage7_7_gate_report.json	6445	b7c93e8b45f9e4c77648192d87257685f108583b91313e5cf22a414eebca5388	.json	text
docs/stage7_8_gate_report.json	1206	ae843c31e89a2b40faf0522c12afbc8aff7224a8478486e5e57f934d5ea449d7	.json	text
docs/stage7_api_stability_notes.md	1855	c0a2a2175496e36a3ca9a00139432c319663876a33d6464ae885417092fa08aa	.md	text
docs/stage7_baseline_comparison_report.md	2244	5eff0a565619b15948e0026a929d770897101b3722c5cdbbde6f0c7d611bd74c	.md	text
docs/stage7_benchmark_harness_guide.md	1895	ba5d28d7b7db0aa94d0c9a49df7f5e8020f43ea813332f015c0d0579c6c0d452	.md	text
docs/stage7_claim_evidence_crosswalk.md	2467	12907ad6ca9893fbe0c72c681fafcbcfa70ab3fa45a4d5486a0299c3bd582d1e	.md	text
docs/stage7_endpoint_reserve_routing_demonstrations.md	3889	d0ad2af49dee7a96be6af9fcf8ec9e86804bae04c299d8314bb43050262badf1	.md	text
docs/stage7_figure_artifact_crosswalk.md	2701	05466248c7272a901c52aa855ba368bcd59e9a197ecc9fe4f49d81d955d60f14	.md	text
docs/stage7_heldout_validation_report.md	2833	dc2dab6dfec4c1012fceb607f294e68993cc4a9dafb7bc8ec35fc60653c94380	.md	text
docs/stage7_limitations_matrix.md	3353	fe833dc68d7179b2f410f9d5d05c029a8c431df3539bfae56368846b46485dc0	.md	text
docs/stage7_method_specification.md	7833	9aa1ffe885011e81483209f3c1950cbe049d79c3792ff02a643138b030a6d9bf	.md	text
docs/stage7_methods_evidence_index.md	3416	8ea5828be624e7b5f4d7a4963973123a39ecfb423d43fd26e781d48880858ff8	.md	text
docs/stage7_methods_program.md	43730	ce192fe3eb67f7665dda19e01d80792eab16dbbf9a196b198777d86fbbf59f12	.md	text
docs/stage7_methods_reproducibility_card.md	4541	86ea38b27775aba2584d60efb6e55065125b39c1293d3b15e9c2b307c7f46da8	.md	text
docs/stage7_methods_submission_readiness.md	1269	62b6222a05c239d615a25c31a4151d142e5a2b5c71fa2b9f0c5cf6c0bd63985e	.md	text
docs/stage7_performance_uncertainty_report.md	1405	05c43ccc5843a630851622cb85719273dd32638e2466c1d02eceddc7eb921257	.md	text
docs/stage7_public_data_adapters.md	2022	fd4ab5f3de75c3949b428b26cefaac680ef9019599539f401a83da21c98c0c41	.md	text
docs/stage7_public_signaling_demonstrations.md	2607	35b03c69535d935e9b178d46a662ac901931e1afaeb3e06e04077db995f96270	.md	text
docs/stage7_serialized_execution_plan.md	20900	9abd4b60a1e61d065a4a459c2ae8a7e8a73c85ad4610547e44f72cf57f531cbb	.md	text
docs/stage7_synthetic_truth_cases.md	3121	76cdd47460eadf8e79f389d581ba2a5ace88c6578d9426440cf3796cf61d3d07	.md	text
docs/stage7_usability_rehearsal.md	1502	24460c94f047ece9d09765233e9bc6a72940f8639e3371d86853b0edf4448ebe	.md	text
docs/stage7_user_path_findings.md	1962	95e237568c23460bb89626da6ae739798a8881333930aba7ee56c0b839d6296a	.md	text
docs/stage9_execution_memory.json	30722	a78a6ded61b57d961b618661fd1b129664e52f6ef2e99c5812082da2d5aa8405	.json	text
docs/stage9_manuscript_assembly_plan.md	10952	fbed2078268ec38274b454319063faf8b3da9dcd7ebe20030d3a34d068141bc5	.md	text
docs/zenodo_dry_run_report.json	9547	55a813880015153aefec31117cee0d14d5d523c51066fe99dca1af48fca5a1a2	.json	text
docs/zenodo_dry_run_report.md	689	871e6975184d1bc8a3ee39331a0d5b5ed8eb9cbec5fc6571b3ada9838b0c5f4f	.md	text
docs/zenodo_publication_report.json	1462	6a9eb8c96c010ec54e2f9fcbae11fafb10c6a81ee7ddf330c3d2e84399f460ca	.json	text
examples/mlci_ctc_features.csv	128	6a1a704f9768f3418f7374d5b668da42aa4922a83f34ed02b86305b0b38afcfd	.csv	text
examples/mlci_man_track.txt	16	467882a6c68070b39451fa29783e75a58db8d8a51fb0af8072e4cfe8563cbf5f	.txt	text
examples/mlci_public_case_study_workflow.py	6358	648802b53566d540bc108b74123645eccb90397877ff252c60a5075899e03b58	.py	text
examples/mlci_public_intensity_trajectory.csv	6230	5f2924ebd2758177ed17cf7cc32cae55b5accf1c70e0b776f5bc232ddfce0c73	.csv	text
examples/residence_reserve_workflow.py	3714	6f6e8a0fde9bd31694a5c6b093ed6c499643290b8e9161c37816f7812e5ba172	.py	text
examples/synthetic_coupling.csv	121	519b0041fd1ba44fc949b1ea9ad3a9bea767cc831ac0beeee20a0865f0498006	.csv	text
examples/synthetic_endpoints.csv	381	b377c36e7b306417e05a51a1263ec433a7a81db35beb62588b74d78ed16de401	.csv	text
examples/synthetic_reserve.csv	436	2bfc546d59170d6ed1638e89ca1f4f6e7223a26f8eb4a3ad96ecf85f7724c619	.csv	text
examples/synthetic_trajectory.csv	486	26c1625b16c8db5e0ce85602c65ee12e58239493912f15078f8d10e85e579b32	.csv	text
frontend/stage5/app.js	53979	53ffc84c320309de60c1748c245d52d4f5ae5436732d1e49f8f036a6d6dfbad6	.js	text
frontend/stage5/index.html	10191	b9d0eee3962a18c24fc86228e3b357611f05981915f80919bd53401dcd2f6bc3	.html	text
frontend/stage5/styles.css	13701	b3458348a1cc0174dad0306be3afbdb362e5d767f899d8076797a6d3887b278e	.css	text
manuscript/nature_methods/README.md	708	92d78b56f5d9f462f16a5e5a607046d6daeeb8ceac27f17c0246a2b23b09981b	.md	text
manuscript/nature_methods/audits/methods_paper_archetype_analysis.md	2703	d24376026ebab1082c64ee5ed3639c8be4079732edc9c5508586418c9f6ae0ea	.md	text
manuscript/nature_methods/audits/panelforge_render_report.md	75879	28bea6b5ef93a6b96959d85aeba049ffd1961a2f8c187466d395c28ddfdf2a1e	.md	text
manuscript/nature_methods/audits/venue_fit_rationale.md	3005	d6e4ef569e8c3414a70161d59a96cb00bb319a056a591a864b8195cc6545d180	.md	text
manuscript/nature_methods/audits/venue_policy_constraints.md	10539	63f02a5e0b2f3798c642c498db8f61d93031b59fbfba7ad38c292b2dc2c70742	.md	text
manuscript/nature_methods/contracts/atomic_write_protocol.md	811	e16c0c3d37e1c0586569ea9c7aeecc2f6274e09e8dd6cd3179553eadd46eafe6	.md	text
manuscript/nature_methods/contracts/id_namespace.md	1037	0aab04d7066991aebec50e2809db2e1ead4aa9fc0c3b9a076fd106283c6697d2	.md	text
manuscript/nature_methods/contracts/ledger_schema_map.json	1036	839954c1e1cf83009b7932cac752ddad39274172cf72ef1d0b30969c79f3633a	.json	text
manuscript/nature_methods/contracts/ledger_schemas/citation_claim_ledger.schema.json	922	8d12e24e908e16f9118e9d19be59557a77baf7cf0ccf5db28cb41b15ac4a4b25	.json	text
manuscript/nature_methods/contracts/ledger_schemas/claim_hierarchy.schema.json	762	15d4f89be832d0d5b6de9f4c832c3d9ad4441c1746407cdc7e83f4ac8444d77f	.json	text
manuscript/nature_methods/contracts/ledger_schemas/figure_to_claim_to_artifact.schema.json	1309	4e512691e5d12a5a0b1b86ec2ea780e0606053129f2561368c4b8b2690c16065	.json	text
manuscript/nature_methods/contracts/ledger_schemas/limitations_ledger.schema.json	713	cb8555ddcae066cd23e187fc66d291bb228a56e7ba4e4af41cb6f169690a544d	.json	text
manuscript/nature_methods/contracts/ledger_schemas/live_numbers_diff.schema.json	701	dfdf6688cb326fe366bb094c8ece53e143debf1abc2d8d5b514df26b65f44b0d	.json	text
manuscript/nature_methods/contracts/ledger_schemas/methods_to_code.schema.json	585	9985a08c7dd6bf093ae0e106b82253e9501ada9e50547e6850894e71422d4d49	.json	text
manuscript/nature_methods/contracts/ledger_schemas/paragraph_claim_ledger.schema.json	894	60dfce4293555e1aa6400bbe532890b082d14cb9f7cec65fb7f9e743a363937b	.json	text
manuscript/nature_methods/contracts/ledger_schemas/reproducibility_command_index.schema.json	635	3350359abb7471ef81fcd2d92c46ba8ecfdfecfe4be86ccd54f9eedd92ee0cac	.json	text
manuscript/nature_methods/contracts/ledger_schemas/reviewer_action_matrix.schema.json	804	119eafbb4710f6133c41da8afc3e0047b6b0e417c22833b64a0bb3403bb2ad50	.json	text
manuscript/nature_methods/contracts/ledger_schemas/stage7_output_contract.schema.json	715	85650c730f48fc5e7fc29c817693bb5ff06870c4cf377257281e66539c0c1b5a	.json	text
manuscript/nature_methods/contracts/ledger_schemas/stage9_evidence_manifest.schema.json	708	228e6cf3a35588ebfaa866a9ff8f110f04f9b93ef8fc219499c949fc3634fa60	.json	text
manuscript/nature_methods/contracts/ledger_schemas/statistic_ledger.schema.json	859	54bfa8a8e361b7e4107363ecb8a9834ed47443fd34ca4dd112dacd04bafcc550	.json	text
manuscript/nature_methods/contracts/ledger_schemas/supplementary_callout_ledger.schema.json	726	01fd09e107aa8fd7da10d0ad22a1eb321afbc9ecdfd35ce58ff5722a118376d6	.json	text
manuscript/nature_methods/contracts/machine_gate_spec.md	952	40100e8292c2179aea3bb3c27463b40341db6131b12214f6e7baa58a7546679d	.md	text
manuscript/nature_methods/contracts/stage9_project_binding.json	2031	ff013cfd42a644a1744735c8dfb9c2b5b13e20cee326a340bd1a3de37f425732	.json	text
manuscript/nature_methods/contracts/stage9_substage_registry.json	22117	1d3d20c4da667ca72e90e5a0763818929d4f7c0b14dd4e7e7c33f67ea6722a53	.json	text
manuscript/nature_methods/figures/.panelforge_commit	74182	7554bf8208862682f6f43eb87d13cef127b0ea0231428c4e058645ad7af3b234		binary_or_packaged
manuscript/nature_methods/figures/display_item_plan.md	1281	ecca69ecd47039aab54837be53cf4fbe7b4fb672e51b366ba8fd9e9cd141dd96	.md	text
manuscript/nature_methods/figures/figures.manifest.yaml	50059	bddff8bfdfedc4c5854150e0b0fc9f3042f6d26506d44300c38ac04cbf9eddfc	.yaml	text
manuscript/nature_methods/figures/main_figure_spine.md	2943	0481aa34f7b8b93e41663715a699b701b41cc0d8ebaecadc9f2314558284e680	.md	text
manuscript/nature_methods/figures/rendered/FIG-001/FIG-001.pdf	39421	cd512cafb182cae3a96e575d59f2f27c410741327fdf32e7387b4d1676453172	.pdf	binary_or_packaged
manuscript/nature_methods/figures/rendered/FIG-001/FIG-001.png	418284	366e7e97986234909bfb3a30fc49b752fd5364fce7300f06678f108c15bbe996	.png	binary_or_packaged
manuscript/nature_methods/figures/rendered/FIG-001/FIG-001.svg	45510	c8b2e66fac8a64df69ef3b90fea82ee68fc289cbd20e67bac05728b90e63de37	.svg	binary_or_packaged
manuscript/nature_methods/figures/rendered/FIG-002/FIG-002.pdf	58003	1550a00dfb8b718407e6ea8b5c7f21f32968d282a64a8b2efd90a55c98e8b2a5	.pdf	binary_or_packaged
manuscript/nature_methods/figures/rendered/FIG-002/FIG-002.png	435842	33b61246f552150d52d546379c0e2507af6184c8b6dd582e998b837fdf0b265e	.png	binary_or_packaged
manuscript/nature_methods/figures/rendered/FIG-002/FIG-002.svg	62436	69ef9cfec06414040388f88f67fdbe52df2a91e5f68928ee05c67b0f28fb456c	.svg	binary_or_packaged
manuscript/nature_methods/figures/rendered/FIG-003/FIG-003.pdf	41388	80dab754c2cf17459043f2bedb0ca51951c8e34f0af95c7caac342c77e51a66f	.pdf	binary_or_packaged
manuscript/nature_methods/figures/rendered/FIG-003/FIG-003.png	390695	435ec4e050bcf5e6a1e2d5fd28ef910393f34c6e40d93c55d85950270e7c3d8e	.png	binary_or_packaged
manuscript/nature_methods/figures/rendered/FIG-003/FIG-003.svg	78308	883426235edc0e23517ba3ad6a9974ade891b859e3486140d92e1d990343868b	.svg	binary_or_packaged
manuscript/nature_methods/figures/rendered/FIG-004/FIG-004.pdf	63882	c512881f3e5e05eff95d00ea154576dadde0f0ce30c61f4ca6e46b1142720d84	.pdf	binary_or_packaged
manuscript/nature_methods/figures/rendered/FIG-004/FIG-004.png	517194	a81b612962e3d8c57ab18eae4a77c404bdba572c228df4af56736f631d84ac44	.png	binary_or_packaged
manuscript/nature_methods/figures/rendered/FIG-004/FIG-004.svg	60104	0e2ca3cd2e8d57f6b35d855cd934a2857e04aa6e8bb2d2eee3ccf5a5600d5fc2	.svg	binary_or_packaged
manuscript/nature_methods/figures/rendered/FIG-005/FIG-005.pdf	50914	c27aa6c691f2d16f978f5cca60ff8bbe4885c118ba6ac03caa4170f2ab5a6690	.pdf	binary_or_packaged
manuscript/nature_methods/figures/rendered/FIG-005/FIG-005.png	443282	99134691570bd8af42752c57b5cff04f8db794fd0771a2e82631c13fe21038bc	.png	binary_or_packaged
manuscript/nature_methods/figures/rendered/FIG-005/FIG-005.svg	72810	119054b12a0e23e35aa14395c5dbb2d444834ab2da112755330e163d704f9d19	.svg	binary_or_packaged
manuscript/nature_methods/figures/rendered/FIG-006/FIG-006.pdf	57947	b6f1ae96e4f132f1b8745c92bf94192fc547a446a5289d0a623e7b564edec552	.pdf	binary_or_packaged
manuscript/nature_methods/figures/rendered/FIG-006/FIG-006.png	473632	2abb5705fcfe85b97db7c5264e6cb9c4a1690e98cae55a29b2196e2503f0492f	.png	binary_or_packaged
manuscript/nature_methods/figures/rendered/FIG-006/FIG-006.svg	57741	752aed68263200ce3c966b9eb7dca1a6c4e65b1bdef7a9dcd7c80137bfc76144	.svg	binary_or_packaged
manuscript/nature_methods/gate_verdicts/9.-1.json	1479	42ce8b085a8a9b39e80e58d60309aca9f8992c1f38466f3b533700dbce03ff6f	.json	text
manuscript/nature_methods/gate_verdicts/9.0.json	1638	6ffd3391005ddf39c09e81c66d1400067c353706b2b2166a15d55c94a13c999f	.json	text
manuscript/nature_methods/gate_verdicts/9.1.json	3006	efc4ebcf951439ccd98cf415821a25424cc74300d67a0ce0a1cd7fe31ae08d17	.json	text
manuscript/nature_methods/gate_verdicts/9.2.json	2258	34d4f97a756983c0d4ab0c05295187411e70c4b384aadc1438f2eda7c839c6b7	.json	text
manuscript/nature_methods/gate_verdicts/9.3.json	1706	0f1620bfb6f784b10c34ebca9d61a258f4b3687a05f49ac782a9a75ab3230498	.json	text
manuscript/nature_methods/gate_verdicts/9.4.json	1740	b4a703c6c57c828d5dffb00289e616c645bf6a1b6c5f08829736db1ce5c6dd82	.json	text
manuscript/nature_methods/gate_verdicts/9.5.json	1902	24c7fdb3a9ccf9ec47320da365e37080ae91e3722cf9fe4a0fccac8c6bc1013a	.json	text
manuscript/nature_methods/gate_verdicts/9.6.json	2029	c7337b76b3288848c63f1d5a4f50d2e2a365a70e146d0db1dd27b23327427f85	.json	text
manuscript/nature_methods/gate_verdicts/9.6b.json	1618	32fcc0d0c3b1ed2ee7b92d8bb61570951571271163c743292725a200e97d9ee4	.json	text
manuscript/nature_methods/gate_verdicts/9.7.json	2160	324fddf1ee44b187ad2b14e460e99c59e2a663fe948bbe980cc513019d805cd1	.json	text
manuscript/nature_methods/ledgers/claim_hierarchy.csv	1486	413288b4f9d15b3c97badabd3ff48cef9dda3551828b6e849a61aee7703995fc	.csv	text
manuscript/nature_methods/ledgers/claim_hierarchy.md	2846	6e097cae986568a03f48660aacd91c485c7ed14ed926a0032f451d2b1cbe93ae	.md	text
manuscript/nature_methods/ledgers/claim_strength_rules.md	2462	10cc60d362992e08c8e7a95bb10fc4ac0828b0b237de63a0e16062e1e3eaece3	.md	text
manuscript/nature_methods/ledgers/figure_to_claim_to_artifact.csv	4235	310cc2b75ee3f190208ac633d9ddfc6bd8f6aab33b3c8bb9828465db1b634191	.csv	text
manuscript/nature_methods/ledgers/non_claims_and_scope_boundaries.md	1600	4c1e49ec13181c0d00cfb41ed4d2da0c2e192a0951941603549dec381a10972c	.md	text
manuscript/nature_methods/ledgers/paragraph_claim_ledger.csv	5915	97c8c9eca9e1c52340ba75b804602a7aad3776b1ac6311a5f1b91366c70ccb1a	.csv	text
manuscript/nature_methods/ledgers/stage7_output_contract.md	2897	330df67aed4c0feb77ec09dc1079cbcde86405e2c665ebf734239868bfa72cb7	.md	text
manuscript/nature_methods/ledgers/stage9_evidence_lock.md	13574	2ea60d835933d57e88826a292b731ef4a4d1573c93bf5ad77b8460ab3a7656d7	.md	text
manuscript/nature_methods/ledgers/stage9_evidence_manifest.csv	9468	f427afeb33914baa957e9ff05e2faf8109deaf39e0bbf3182144673e26795cbe	.csv	text
manuscript/nature_methods/ledgers/supplementary_callout_ledger.csv	693	c7ca0f695094dcfa1ea6aad11c9cb28dbffc54a2fe647cc5790a1b5166a5746d	.csv	text
manuscript/nature_methods/refs/_cache/methods_corpus/mp-001.crossref.json	28805	fa4548748ecb95ac9f4d54a2f6248bde1188f77f41e1ec05c4c09c400941fe82	.json	text
manuscript/nature_methods/refs/_cache/methods_corpus/mp-002.crossref.json	33926	725d02b9821299dedbf1f4098dd66a567746ae631b8b12a2e07f46101b9d086f	.json	text
manuscript/nature_methods/refs/_cache/methods_corpus/mp-003.crossref.json	59806	2e77f93e087993abdaf6e10ecd8995c45d3e0e8f9fb925ef71849b4910571653	.json	text
manuscript/nature_methods/refs/_cache/methods_corpus/mp-004.crossref.json	29961	bb16c6ef8a97669b97717aeca8025518e660a4e0f996712826ee3692b9f8ccf7	.json	text
manuscript/nature_methods/refs/_cache/methods_corpus/mp-005.crossref.json	21021	08a39ec77bcc2a5aef32a0895428030a1af641e25484d714928f94f7553ab506	.json	text
manuscript/nature_methods/refs/_cache/methods_corpus/mp-006.crossref.json	33354	12a2760024f51d30c20042c5dd76fe26f46baf8eccf3c82588caf9dd44df9d21	.json	text
manuscript/nature_methods/refs/_cache/methods_corpus/mp-007.crossref.json	48804	6ae98f54c14ab3d3c6f1ce4f38639a6109961b4aafb70c900fa120282c0fde8e	.json	text
manuscript/nature_methods/refs/_cache/methods_corpus/mp-008.crossref.json	28954	e0d6d6dd71a029477a2919c05b9d1bf4be1ba101b4af069e569c91ab7dc5aeff	.json	text
manuscript/nature_methods/refs/_cache/nature_initial_submission.meta.json	722	f4c144ffaee8b084e7d77fb161df6b397f49c6cbd4f9d0da054bc4f0fb15870b	.json	text
manuscript/nature_methods/refs/_cache/nature_initial_submission.txt	19143	a3b3ddad566c0c60f0da9e1b584bdb95ee2f3ac808278c4eb489f4cf223fbc65	.txt	text
manuscript/nature_methods/refs/_cache/nature_portfolio_reporting_standards.meta.json	775	bf45c56385cd9a40be0228b3222bd19d7582c6a8d344e40b8f47de13420cc56f	.json	text
manuscript/nature_methods/refs/_cache/nature_portfolio_reporting_standards.txt	35879	9be20feba46e8db8879965b54a3c55f6a0af52227bff6cb06e39f73d78b3816e	.txt	text
manuscript/nature_methods/refs/_cache/nmeth_aims_scope.meta.json	746	4795ab1290680cac954b869706eb40689f7bfd0a407ddf096759022e4416f1c8	.json	text
manuscript/nature_methods/refs/_cache/nmeth_aims_scope.txt	5735	e3b79c59c733063fb20d102ed00c241b57e3342045300b5ab1b7834b41f0484b	.txt	text
manuscript/nature_methods/refs/_cache/nmeth_content_types.meta.json	769	dda100b9e3e6f1528cafe61040f60747214078012a95af69ebc288e021552434	.json	text
manuscript/nature_methods/refs/_cache/nmeth_content_types.txt	15258	493c07273f6a9b837c8473d818de8f396b05ab3ed113838b95c79e89a4f37f55	.txt	text
manuscript/nature_methods/refs/_cache/nmeth_editorial_policies.meta.json	697	5a6d1dc1bb14ba6d8b27374c91325a745463431acc995b751378848c73748d7c	.json	text
manuscript/nature_methods/refs/_cache/nmeth_editorial_policies.txt	6991	ca0e81210731e7ca6f2411c5d8616178b1fcf21e7a70e55fe9b56c75a1b0434c	.txt	text
manuscript/nature_methods/refs/_cache/nmeth_submission_guidelines.meta.json	813	d1609cc6054c623b05992ddd86953d6e0c75e81a2ba86253612ae273bae0161d	.json	text
manuscript/nature_methods/refs/_cache/nmeth_submission_guidelines.txt	5333	c985af9c042220d629ed4558e26e3228690b9b2699b5b7963ca3f7ca786d7b12	.txt	text
manuscript/nature_methods/refs/_cache/springer_nature_code_policy.meta.json	729	dfa55e2926372ab552a38c0c637a471bde9be7c8be939089486bbaacd03a6a4e	.json	text
manuscript/nature_methods/refs/_cache/springer_nature_code_policy.txt	6237	f179ecb88519437f5f73140c9b9a6620f073e2f68a5501b5ace31c9d1d6f8c95	.txt	text
manuscript/nature_methods/refs/nature_methods_guidance_register.md	8797	f6d0a5d3b865521c0994b2586f331b21865988e1d6e0457bb5e8a04d64c5db45	.md	text
manuscript/nature_methods/refs/representative_methods_papers.md	8816	b2d8e892c1733aed3915b2b046a60f4520c787e87a97143c027a461bf3db7590	.md	text
manuscript/nature_methods/stage9_narrative_spine.md	3489	e4b22a3a6449ae91a7e6bff9ee745ef54221c30c221ee8255e09c31b238be2b5	.md	text
manuscript/nature_methods/supplementary/supplementary_item_plan.md	8418	d349c1dd36a1b91550f2ca52177c2c4419b39d77b0dcd250e32dd81d36fccd4f	.md	text
mkdocs.yml	2688	6f95bff64529799bc92770374f92e4236867116a8be01cb25baf755cc4172cb1	.yml	text
notebooks/01_synthetic_residence_primer.ipynb	3603	3b2c33a8d86cbcd8a2625927c9915c98d2c6549d70bea5e8374b93c2b8fc4ddf	.ipynb	text
notebooks/02_public_signaling_benchmarks.ipynb	3256	9107d27cceb5d81dd967d74ffeece2b2d2d4c9068b6a5dac5c72f7f10b304531	.ipynb	text
notebooks/03_public_endpoint_and_coupling_benchmarks.ipynb	3064	7400193f7dc6b3b957fd872f60c556c0857ab1940887322d1e998a796a629f67	.ipynb	text
notebooks/04_stage7_drg_calcium_public_signaling.ipynb	1554	5fa7f03ebfda51ad177be566e1aa8fb7f7e87802933ffc4f389bf236f6f4c4b9	.ipynb	text
notebooks/05_stage7_erk_gpcr_public_signaling.ipynb	1558	a7addeb7ab3cc9d08d52345a6e424914dcfa0269723b401ad78d9264c7aecb16	.ipynb	text
notebooks/06_stage7_endpoint_reserve_routing.ipynb	2135	f1d28e40400da8b598e498f4cd21cf3b97ee54ccd9d8dc39d34b06aa921e08cd	.ipynb	text
notebooks/07_stage7_heldout_validation.ipynb	1469	9f78b8d0ae1523db44e8ea067260006a18dee74074b1b0305b47155e50d5866f	.ipynb	text
package-lock.json	2254	bb629bf5fcc63d7dae22b63a8cdde6577e24973ba5c6143638c390e844f51b4f	.json	text
package.json	365	6c52a79cb49f832390f27bc02f3522e888ff0d2d0610f4f9a037f2ffe90bd14a	.json	text
playwright.config.mjs	1088	421b0dca92f19a658eac2cc066f5af3c75aeccc178605aea3699b8d32265af3a	.mjs	binary_or_packaged
pyproject.toml	1455	07a46abf1c0f3a4d12c85b84fa66af9799dc406ecb6b6f5d764b8d2bb7ebd94e	.toml	text
scripts/audit_phase6_release_readiness.py	17464	5f720bc1e7edcc2c9a57297ce081ff7b5102e3bd63f3e35128cee3941c28baa3	.py	text
scripts/audit_stage3_case_study_bank.py	10871	ba2bf60fb4e21ec4a32279c99d0340b7c41519137068ec4ee2ebdf8c16ca3f9d	.py	text
scripts/audit_stage4_docker_smoke.py	16219	20dbda0efdb69bcaf439a1160b43084a180dabfb4748af5bd9ffa6a0e20ddf8e	.py	text
scripts/audit_stage4_service_contract.py	7531	9d41d484e1b56f2088b8e39cf7325c3ae69ef1039917b941bb8c46eaf17624c7	.py	text
scripts/audit_stage4_upload_stress.py	10452	dfceb7dc7938b1ed70d61b84f75ba6c3c357fe839c822b1bdbb9cff11e03cbe6	.py	text
scripts/audit_stage5_frontend_scaffold.py	10095	ec88b60c2c328a8d92f467bff04f8891243a07a270154c7409a362c0e4a24a14	.py	text
scripts/audit_stage5_premium_workbench.py	6513	684ffc10bdc918879ed9e66871ee1d4c20981aeac5e1f3c8f1f3b034d8938ee9	.py	text
scripts/audit_stage5_simulation_workbench.py	3701	f366053af84ec6f9924e68ad27e2adf02157ce5bf70a344b76e46b40ddb29b41	.py	text
scripts/audit_stage5_upload_flow_parity.py	10932	49b16c797cbddb46f93963766bde94e7e2b084250b91508010778767ebb6957e	.py	text
scripts/audit_stage7_6_recursive_hardening.py	18465	51e1ba310c8ac0e725ca2ade4860e4cfafa0a09ccfc0a162c577777a2347c303	.py	text
scripts/audit_stage7_7_8_recursive_hardening.py	29112	161b945e3629113a7faf114e89d9c69675116bfb373a2b6ad3e801640209606b	.py	text
scripts/build_stage7_1_synthetic_truth_cases.py	13829	f245cd2d66fa5244fc1406fa004131c15e9186627d45cc468886f257581a1032	.py	text
scripts/check_dependency_security.py	6647	5fbd341dad965c25232e646d0d27ea6d19bfe6f8b73b83dbf9631c62ccf3401e	.py	text
scripts/check_docs_links.py	7476	7c5172d3acd121af9b8c5f707bf921fb05ff6836eb6e23843bc053eb827f1c56	.py	text
scripts/check_public_release_integrity.py	10998	687d90a520953935653ff5bfee321f01805e215132aae613c11b0856ef14586f	.py	text
scripts/check_release.py	65936	67138a9b6f1a2e3251fd5fae3d1803d8c685dd29a03c13fe94e3a9b61e1b5275	.py	text
scripts/check_roadmap_memory.py	55100	f9ea269a386341700c0f0896b5cf96216c63f6bc33f8954bc5464dc815d1a728	.py	text
scripts/check_stage9_scaffold.py	28454	21ebf1f859ffd4d3ccaa8db7066ae92e1fad008a66ae6d9ed96ad1b369c4c153	.py	text
scripts/fetch_cell_painting_endpoint_benchmark.py	18318	86f6753d0b99de68f85e86234f12481443f100f98d8613f2babe8dff19e8fe49	.py	text
scripts/fetch_drg_calcium_benchmark.py	11965	3bfb529310eb11be4955ae9e3f749a5a1a670963947ab3fbc97c5d26d31b0de8	.py	text
scripts/fetch_erk_akt_bounded_coupling.py	21348	a49bf7b824c8d2c76252da23bc819f8277d760baae85dd0cdc2f2cc3f7003a2c	.py	text
scripts/fetch_erk_gpcr_benchmark.py	14370	31a83586c4243a841ed10bee11a87bbd86f18c171c183c6927d8b9b5230d37b8	.py	text
scripts/fetch_mlci_feature_subset.py	7716	b2c46b9ba1ab38f595a14de64bcd294894ec1987f37a41e3d2a1ed7878dfdbc8	.py	text
scripts/fetch_mlci_lineage_subset.py	4162	bcbc3e9a816b0029e26c84c4e6fcaa663cde096898c54bccaccf4f04f6c80d6f	.py	text
scripts/freeze_stage4_api_contract.py	12613	dc9d48e74a9641da19e226b97f49eef0d1ccf7f5bad58ec101e31b8171dada77	.py	text
scripts/pypi_dry_run.py	8820	fd61ad18647b514d75828696a6ea2428c24f45409a0124ab54acadc8ca994aa3	.py	text
scripts/run_clean_room_reproducibility.py	13701	ab7139307a0eaaa5ee96d2d808f9ae60556bb3b07bf9346393b25213310b3f6e	.py	text
scripts/run_stage5_screenshot_regression.py	3984	2bc70b482863dd177eaa2a5cb4ae68c00e5307f86ac2d26aa1d2e7e04835a5c1	.py	text
scripts/run_stage7_2_benchmark_harness.py	31682	0bcc14ca7afdb3ac144a04b5051b24d77e9b2d617140cf43a0a6b3e1e2203cb4	.py	text
scripts/run_stage7_3_public_signaling.py	32209	682cf4c0addcf369e921458e45cb2f85fe1c9358bb5777f1ecacb1179ea635b4	.py	text
scripts/run_stage7_4_endpoint_reserve_routing.py	34377	f59a96d7f6553554807a8af4ab476d3172490d2fe11e673b7e2e593559f65d5b	.py	text
scripts/run_stage7_5_heldout_validation.py	39328	228ccd37e9c57a78e6f7f4875ba0f57d28310074e7af85ffda958cc069cfef14	.py	text
scripts/run_stage7_6_methods_reproducibility.py	53219	507abf59f92f6f8371723f8c70b42c3a5b41aa2967148f22d3b658905394ba1c	.py	text
scripts/run_stage7_7_usability_rehearsal.py	25506	60bce0f0f52fea4b4fc54b1ef22943613e0c2b83bdabc3f7e96c1cff87e0f545	.py	text
scripts/run_stage7_8_methods_readiness.py	18735	e050ea30033025d5fb4999ffd4d362379b942bd5e5952fff171cfc53ed63a629	.py	text
scripts/run_stage9_0_evidence_intake_lock.py	20982	cc87c3ccfa1a183ec9c6ab4f48378e8a3d666b17e3af187e352837333b6e142c	.py	text
scripts/run_stage9_1_venue_guidance_register.py	39206	6b9b960b34b7c17b4ce0bb711f2db11f4975f3b5f6efa398477002e1da2e0b5e	.py	text
scripts/run_stage9_2_methods_paper_corpus.py	35276	ed507c4f615e2b88af2810dcc5a494c5944868a03cf3f9457e1376379587e95f	.py	text
scripts/run_stage9_3_narrative_spine.py	26133	487d8655448c72389fadacf1bf6f4a52d5b9278f93f2b788b6a1ebdd8be0a28c	.py	text
scripts/run_stage9_4_claim_freeze.py	25994	a18c93fa28a74b85588e2f14e9a46a1048ccde30672417660d52aec51d1b52cd	.py	text
scripts/run_stage9_5_paragraph_claim_ledger.py	28051	001bbbe867acf51447adbb6bd16ccaacf8454a9233d329f767781e0cef54ce8b	.py	text
scripts/run_stage9_6_figure_spine.py	28870	89efbd40ee067f0ffaa869e423a8131f1cd865ab6342e57b02383b20fd51e84a	.py	text
scripts/run_stage9_6b_panelforge_rendering.py	47359	613af35865505192d9d9c160f4788972808271a1d589a7641d12a5d4b379d7a6	.py	text
scripts/run_stage9_7_supplementary_display_plan.py	35017	0e89a711662ad03a6fed2fb9bbfc7e995fc7f647a5bd12919aacf582c5836b4a	.py	text
scripts/scaffold_stage9_manuscript_assembly.py	54007	3af1b70ba8feb49360e22d51ff8303e15bc9b12a982ac2757d0cac5b85db5cfb	.py	text
scripts/write_release_checksums.py	4187	b1d68109847a23b0218b877946c86ff78c58d95a81e855981020485e96e4ee12	.py	text
scripts/zenodo_dry_run.py	7611	1528f2d6825086444e7234d2c654b1d037f0c0129e223785f1665efb69fea824	.py	text
setup.cfg	38	1c473cbaee8da5fc46e7f0158794af5cea4414c34a3cf3f180c2001f5e38bd3e	.cfg	binary_or_packaged
src/rhodyn/__init__.py	4285	f469d5ef4cb4b1a1eff4b92e5db8459232ca71713a6d5c8b64d442e3e3c2ae1f	.py	text
src/rhodyn/backend.py	17818	1461405850dfe6ce6b6173ac7d460fafe3761c3d3f51beb3c19282b4f0b369c6	.py	text
src/rhodyn/backend_core.py	34845	0b53716c7795b56fcd63cb5f83bb1f96674b7abbdeb161996342ad30677488b2	.py	text
src/rhodyn/cli.py	15452	022c5349bc2a8d4d5c642d30632b7d0e922601d9249c8f62043c078c0cc9676f	.py	text
src/rhodyn/compare.py	1634	06fc1b2f3f5f1bddfb2c293f559393f8284b14d3408a41f32293177270f14ca0	.py	text
src/rhodyn/coupling.py	8122	cb52ad323b90b41f4d49706debe63a9fa059f6473eccbcdd5c7f62ef3441d745	.py	text
src/rhodyn/ctc.py	17670	60568b24bec0958a0846930214f93864926842e29b7e7307ff3c8da96e9b3d72	.py	text
src/rhodyn/extras.py	3383	c614db92a87bee4b5dcb08e07e56ea438f19f1a9103517557972cec494d66331	.py	text
src/rhodyn/models.py	2492	9bc220ea291cf2199a73108d1b41ec6fa17096345a5fa6e7931443f12fb9b261	.py	text
src/rhodyn/paper.py	6939	155771d730da9628f42a084142c8206e401295dd11a6a102498c01652871b0e4	.py	text
src/rhodyn/plots.py	3755	e639db726e514d5397c6ce649d4b5205ef948381925ce47a20b68ed5feb0abe6	.py	text
src/rhodyn/report.py	1294	120dda6128d023bf31fd0f957727b488808cf5a12c11f8ec60f41ced39697b15	.py	text
src/rhodyn/reserve.py	1070	c47e8d64fe5fb29425d02d508ca6ae0b75ef8dab1d93b43ca1319c39c7d05d38	.py	text
src/rhodyn/residence.py	3653	ff4a510e355d5739b2e50fb7e9dc448a6de15c3853b65cf06a0e80380e521aa1	.py	text
src/rhodyn/results.py	8120	80002d83390cab28039f55d5a6fcf2d98055feb750b2084809e04d119f461d40	.py	text
src/rhodyn/schema.py	9633	ca39db0b885e7ad2ddbf697f0069c1ab95721d3f4be882fe80c7f194045304f5	.py	text
src/rhodyn/sensitivity.py	3527	3592c8f3b2134c5c4e313f417402404b1c486bda74535b684ced276fe2b5f543	.py	text
src/rhodyn/sim.py	3129	b9756e5f600f1e5656c83de85de1221536b8df28fe5d522eeeca730ce47ca7bd	.py	text
src/rhodyn/uncertainty.py	7083	7e4f14cc1536d801506219955c5094c22090a55eb57102d596ce94f0a5228ba6	.py	text
src/rhodyn.egg-info/PKG-INFO	18950	64bf91ba9b82b0c2aabb66d4ce539921b37532deaa85e5b6b17733d3cdcf8cb3		binary_or_packaged
src/rhodyn.egg-info/SOURCES.txt	26192	b5f81b8cdb3f864f9c5604f33e3af1a95e9e51db91e1f11ebdbc531a49c95da0	.txt	text
src/rhodyn.egg-info/dependency_links.txt	1	01ba4719c80b6fe911b091a7c05124b64eeece964e09c058ef8f9805daca546b	.txt	text
src/rhodyn.egg-info/entry_points.txt	43	48bcd0143835d6274b450cb062e3b7d25d32070ce9420b7cb8b72b832860ffef	.txt	text
src/rhodyn.egg-info/requires.txt	306	266e124a999dd191ff6f3924c4b7cd3f0443a4463b410e4671a2f99a3a7f2008	.txt	text
src/rhodyn.egg-info/top_level.txt	7	4284619994248a8c96e8a7106bdd9ee0ee9f8cf8c68d01d3cfbacd48f867fd29	.txt	text
tests/playwright/stage5.visual.spec.mjs	11171	e7965aff793328e5eb323d8cf7b93a02b5ad076c8da3e296eb85826e8007f928	.mjs	binary_or_packaged
tests/playwright/stage5.visual.spec.mjs-snapshots/stage5-adversarial-coupling-chromium-desktop-darwin.png	62923	66989e8095bb5847e07f1c2ddbff4b56b50dd86b39792396826a81cf025fab53	.png	binary_or_packaged
tests/playwright/stage5.visual.spec.mjs-snapshots/stage5-adversarial-coupling-chromium-desktop-linux.png	60476	6dff260bac3533e60c330b5ccab190b212f7660f3a9b597bb68ea350a0bad8af	.png	binary_or_packaged
tests/playwright/stage5.visual.spec.mjs-snapshots/stage5-adversarial-coupling-chromium-mobile-darwin.png	43264	4f8e7877bae17bef9da0c90a2951f8dac727eeaa46c39e877bbda45cd4e06c0e	.png	binary_or_packaged
tests/playwright/stage5.visual.spec.mjs-snapshots/stage5-adversarial-coupling-chromium-mobile-linux.png	48394	7fe28b89ebd76c6a74200c83a5ca2f80726d69db999430614cfc924be187c3a1	.png	binary_or_packaged
tests/playwright/stage5.visual.spec.mjs-snapshots/stage5-coupling-comparison-chromium-desktop-darwin.png	48783	057f3f81ea7feb880c9dc639d69f6cbbddf475504ad4d7d3e8c3587086fb60b0	.png	binary_or_packaged
tests/playwright/stage5.visual.spec.mjs-snapshots/stage5-coupling-comparison-chromium-desktop-linux.png	47235	0fb035d26c3e87683536147a38ed6acba48b460ff87479aded42977303441801	.png	binary_or_packaged
tests/playwright/stage5.visual.spec.mjs-snapshots/stage5-coupling-comparison-chromium-mobile-darwin.png	41999	a116cfc3a1b6cf035edfe86b815ac4eb3ebd97b97ddde4cd2b0a773915752ca9	.png	binary_or_packaged
tests/playwright/stage5.visual.spec.mjs-snapshots/stage5-coupling-comparison-chromium-mobile-linux.png	45762	c3dd15ff334cc007a045bb5b08db3a23cf4c00a8193f064615730b40bc16e60c	.png	binary_or_packaged
tests/playwright/stage5.visual.spec.mjs-snapshots/stage5-model-comparison-chromium-desktop-darwin.png	53932	e9bb3db3adaa8357ed218c08dc4acb8949665a5f55b1823170cf4ba519fafae5	.png	binary_or_packaged
tests/playwright/stage5.visual.spec.mjs-snapshots/stage5-model-comparison-chromium-desktop-linux.png	53105	1b08f4a230aa3e1999539ef0602e5137f7f17eeaeeeff108ed598b985095e3c9	.png	binary_or_packaged
tests/playwright/stage5.visual.spec.mjs-snapshots/stage5-model-comparison-chromium-mobile-darwin.png	50296	3e23f3d23508f571cf8f7e580a013c2ddd3a2351d9ebbbad9ffb29ec67e916a5	.png	binary_or_packaged
tests/playwright/stage5.visual.spec.mjs-snapshots/stage5-model-comparison-chromium-mobile-linux.png	52317	cedd2639984c8d3e394baa7247d295d82189b16bbfcb146320fbbb98ee44ec1b	.png	binary_or_packaged
tests/playwright/stage5.visual.spec.mjs-snapshots/stage5-public-trajectory-workflow-chromium-desktop-darwin.png	170578	54ce5dc99e873b434e5af0a497ee46716846822001f11443ae6726130d4005c6	.png	binary_or_packaged
tests/playwright/stage5.visual.spec.mjs-snapshots/stage5-public-trajectory-workflow-chromium-desktop-linux.png	167456	cc7180ef5636cec3f4cf8e87f47c9d6b416d35e059c461eafb341882c74b2993	.png	binary_or_packaged
tests/playwright/stage5.visual.spec.mjs-snapshots/stage5-public-trajectory-workflow-chromium-mobile-darwin.png	98593	19aaeaad7b051286c9802811c4925cee831f97443bd98f3c722c26a21ce53248	.png	binary_or_packaged
tests/playwright/stage5.visual.spec.mjs-snapshots/stage5-public-trajectory-workflow-chromium-mobile-linux.png	65585	ba6ee3c74fdabca6cba78b7b68abd4cbc4510bda69fc6ee5937610f375ae8a81	.png	binary_or_packaged
tests/playwright/stage5.visual.spec.mjs-snapshots/stage5-reserve-comparison-chromium-desktop-darwin.png	47663	72ec5267b259d0d86a8ab65853103ce24d9e0641ac7a4133d9f0496a1c6588a5	.png	binary_or_packaged
tests/playwright/stage5.visual.spec.mjs-snapshots/stage5-reserve-comparison-chromium-desktop-linux.png	47768	fd545a93e6ac8f31dfff0d215d4e4cdd7cd4a03b9af2fd65ef8d0e5b33c47598	.png	binary_or_packaged
tests/playwright/stage5.visual.spec.mjs-snapshots/stage5-reserve-comparison-chromium-mobile-darwin.png	43822	9df178137b2a3d4b241db1bbf4356aa3eadcb11baf3fe292cc5d9400a6c0e078	.png	binary_or_packaged
tests/playwright/stage5.visual.spec.mjs-snapshots/stage5-reserve-comparison-chromium-mobile-linux.png	45781	493d2ef35529a83cd0f9e2aa5e5d24ec8c56c62012c114bf94e8c0f4cee09988	.png	binary_or_packaged
tests/playwright/stage5.visual.spec.mjs-snapshots/stage5-residence-comparison-chromium-desktop-darwin.png	50062	48c8c3b0d94b78a5bfbf3ca7eff22d773f3725f46da72c200050b5bded73724e	.png	binary_or_packaged
tests/playwright/stage5.visual.spec.mjs-snapshots/stage5-residence-comparison-chromium-desktop-linux.png	48977	44711bd9599813a27f2bc128169ef0eff86d3ae19a189bd5772e3fda7838b45d	.png	binary_or_packaged
tests/playwright/stage5.visual.spec.mjs-snapshots/stage5-residence-comparison-chromium-mobile-darwin.png	44372	e79bd6ee2cb5401aa26936edbe9fb13264b079a7946b940920ef29e4a3140284	.png	binary_or_packaged
tests/playwright/stage5.visual.spec.mjs-snapshots/stage5-residence-comparison-chromium-mobile-linux.png	45882	e299c6ed0d2b9a619044dd465df60d266329cbd968849588833bb1b9a4f7a961	.png	binary_or_packaged
tests/playwright/stage5.visual.spec.mjs-snapshots/stage5-simulation-workbench-chromium-desktop-darwin.png	176565	8bc305f1a62e0aee537137d84886e85e55f2f0e76c1b76ccc29f15964ea92971	.png	binary_or_packaged
tests/playwright/stage5.visual.spec.mjs-snapshots/stage5-simulation-workbench-chromium-mobile-darwin.png	168221	996188355ed1e0ca892fe9d6c50c66cdc14b91c2f4024888334a1c9ab75eef02	.png	binary_or_packaged
tests/test_backend_core.py	27230	0c3d14f947d1a515a1a54a8728f32fd3bf98e2a5b7bba2e38d3ed2be29a08ef1	.py	text
tests/test_cell_painting_endpoint_benchmark.py	2658	32847e7f057df71c00add674f892a525aff01cceb8021bfab12ec87a04217ca2	.py	text
tests/test_cli_and_paper.py	3982	a5d37c3a2ebd6a684cd1c1e88252aef734706d971ea972a25a6c13a0786a313d	.py	text
tests/test_ctc.py	12686	61f40f6f13e783e304fea3840913666c2e99d94f797a57df9daf4a786d6d74a5	.py	text
tests/test_drg_calcium_benchmark.py	2012	bd0a83239b5e90982a9e62ae7dac5503ed9fd77920d7ec1d468374b6124d9367	.py	text
tests/test_erk_akt_bounded_coupling.py	5949	34daf7542945d7240321f056f8ae0d0ac567d3966fcd232122ecfb5508cba350	.py	text
tests/test_erk_gpcr_benchmark.py	2241	c4cce43f5d7d57f810e9a2772d2e2013d46520571f29763b45872ecfdcd84013	.py	text
tests/test_examples.py	3092	7926e2f01200f7a51e0bdf13f7521aedf9cd6e10c90da71465a3f273297de8ed	.py	text
tests/test_extras.py	2243	1a07a40c495b446d3f51fce2ae2a965c77270b1dec6ffedcd4ec3735f9cb1361	.py	text
tests/test_models_sim_compare.py	1304	ef8e19640c19cb3a4478cee2f627025afd17e1501da9dfb3a5a779d2e17ac2fc	.py	text
tests/test_phase6_release_readiness.py	2973	f3f52943d1f8245523b0ddf086289947e0f70329b08c449d6517996a3fcfc257	.py	text
tests/test_plots.py	2229	de80d634605dbcaa607d02a256d839a530b6ea418590d5d2574333a9cf02a024	.py	text
tests/test_public_candidates.py	2422	09f3d5bd8aea7e7b1c092619948ad1d77c0c21813db82bba1248c90884915b85	.py	text
tests/test_release_check.py	472	d3e52b2f68e5da218f9885b6d7116496a72eef72add33fb8ca887eac50426c0f	.py	text
tests/test_reserve_coupling.py	1997	290b0f70167a32c8868c887e75dbd3fbcf706d79580698a66048c7bee205ac78	.py	text
tests/test_residence.py	1087	e84a482d210bee39853f523fd47be9234fd327e9626bcc30fe1f04d46d35d482	.py	text
tests/test_results.py	3395	112fbd66764607c912ab1acf776b1416f9a90c95626c994c4ca956d092cad516	.py	text
tests/test_schema.py	2857	2dcf032a1b0183bab6023a01e91412520580d4178efc48638261de2511abcbc3	.py	text
tests/test_sensitivity.py	2863	c5601a5b0b57e5ef978933256b4ce09591f40e8635559b0a4d4cb6d6e5f67f7b	.py	text
tests/test_stage3_case_study_bank.py	2188	28d0b4fb0e55ae892af21960b8c3c693d16b8ce1791befec74853c5d33d550f0	.py	text
tests/test_stage5_frontend_scaffold.py	615	e2cc03b5a90568f1b1dde58c52a78a83267af621341e7f18105880bf6d562c54	.py	text
tests/test_stage5_upload_flow_parity.py	887	1086f6d0ec43bb788bcc35cf8ec71f89a6b3561e038f8948a2335bfc98c9c413	.py	text
tests/test_stage7_1_synthetic_truth.py	4850	14c9fc051eeb7dc3837f5252eb72c43b70164d9e8f2546427d94f38674f287d7	.py	text
tests/test_stage7_2_benchmarks.py	4955	98d505e3c41e606fd2ebe7b12bfd38266a77b22598fb5ae0c367bafe0c118fb9	.py	text
tests/test_stage7_3_public_signaling.py	3005	aab1c91f35e347affab9f1875110e913045c7732bda790ec3b3c92668032d109	.py	text
tests/test_stage7_4_endpoint_reserve_routing.py	4923	8dce78879e126c335676ae0b21b7b6aed864635ea05c7402fcfb4e7219f49017	.py	text
tests/test_stage7_5_heldout_validation.py	4486	90f33a0df08721e692cc56b301d72cf0a6704205f219b6c3902055f6098e0331	.py	text
tests/test_stage7_6_methods_reproducibility.py	13798	a230df303abf1a70d099111d36c94337e55522899c675cc58d2e882465a4a51c	.py	text
tests/test_stage7_7_8_recursive_hardening.py	4234	17013581acfa495c961bd0868f590e7f01e05cad80d235c540776f051f21c810	.py	text
tests/test_stage7_7_usability_rehearsal.py	5349	6ee32af02e72ad57c911d0fced9dcc44f41c086cc42e24f2e727045a5389f006	.py	text
tests/test_stage7_8_methods_readiness.py	4369	800bb23a8d37a49c209ee4db77e699ac915a75eabeaa7c9c5811cd250df85f75	.py	text
tests/test_stage9_0_evidence_lock.py	3594	d22816683ef1b31e3ab8ae0689691da4613c4e122710b1b26b56c36ce84967da	.py	text
tests/test_stage9_1_venue_guidance.py	3728	d9525656bb90833ca0f58a770acdec1153b8ddac05d2c082dcdd07ddb220fc9f	.py	text
tests/test_stage9_2_methods_paper_corpus.py	3470	d5edbce27da5fd928a092955db5f0e21029cc387405acfe96094e018a7583dc1	.py	text
tests/test_stage9_3_narrative_spine.py	2721	d526c9416e3647af9fdc4151d9bca7c3551d3b2e7eb55ab743c36eebdeb2618d	.py	text
tests/test_stage9_4_claim_freeze.py	3369	8732198d2135c3558d6190bfb32ddf72be488e3c2765f13bdca42b88390bc5e4	.py	text
tests/test_stage9_5_paragraph_claim_ledger.py	3614	a2556134911ceb1205c057dd05f5f21904a7d7de7aba12962cfd006d2711495b	.py	text
tests/test_stage9_6_figure_spine.py	4979	1a13ec061e36398ea6fb3429b0799150a79902c16d19776d689ee550153a19bb	.py	text
tests/test_stage9_7_supplementary_display_plan.py	3874	818befa6c743177ddd33837301214bd335c05e3d01dfda5ef5484e4f6516d61a	.py	text
tests/test_stage9_scaffold.py	3155	e2b0d49683a1fcb2492ed328463a30dc949502f421a2e86a8e329191ac93a21d	.py	text
tests/test_uncertainty.py	2164	6afbf1f6cc9d5fc4c008317b976079c7d6773210229bbeaec3fb939e9a5fe186	.py	text
tools/panelforge-figures/STAGE9_PLACEHOLDER.md	559	1de3d6ce086c67fa08bb821f45bf5cddb2899a893923cdfc59e56741338bac4f	.md	text
