dataset,condition,cell_id,replicate,mouse,ganglion,roi,n_points,mean_signal,max_signal,min_signal,residence_fraction,residence_time_seconds,total_time_seconds,amplitude_rank,residence_rank,residence_minus_amplitude_rank,amplitude_top_quartile,residence_top_quartile,amplitude_residence_class
drg_calcium_sstlineage_ly,drg_calcium_episode_1,20240411_female1_left_L5_dob20230320-0669-0197,20240411female1left,20240411female1left,20240411_female1_left_L5_dob20230320,0001-0669-0197,200,29.8078,103.5,-1.5824,0.557789,22.2,39.8,1,3,2,1,1,amplitude_and_residence_top_quartile
drg_calcium_sstlineage_ly,drg_calcium_episode_1,20240410_female_left_L5_dob20230320-0740-0596,20240410femaleleft,20240410femaleleft,20240410_female_left_L5_dob20230320,0001-0740-0596,200,14.3788,88.062,-3.1293,0.286432,11.4,39.8,3,10,7,1,1,amplitude_and_residence_top_quartile
drg_calcium_sstlineage_ly,drg_calcium_episode_1,20240411_female2_left_L5_dob20230320-0308-0547,20240411female2left,20240411female2left,20240411_female2_left_L5_dob20230320,0001-0308-0547,200,21.9191,86.0616,-2.8268,0.41206,16.4,39.8,4,5,1,1,1,amplitude_and_residence_top_quartile
drg_calcium_sstlineage_ly,drg_calcium_episode_1,20240410_female_left_L5_dob20230320-0849-0316,20240410femaleleft,20240410femaleleft,20240410_female_left_L5_dob20230320,0001-0849-0316,200,4.30608,72.1812,-3.1766,0.120603,4.8,39.8,6,17,11,1,1,amplitude_and_residence_top_quartile
drg_calcium_sstlineage_ly,drg_calcium_episode_1,2024_04_09_male_left_L6_dob20230530-0742-0123,20240409,20240409,2024_04_09_male_left_L6_dob20230530,0001-0742-0123,200,6.6845,62.0011,-2.2693,0.221106,8.8,39.8,11,13,2,1,1,amplitude_and_residence_top_quartile
drg_calcium_sstlineage_ly,drg_calcium_episode_1,20240411_female1_left_L5_dob20230320-0472-0552,20240411female1left,20240411female1left,20240411_female1_left_L5_dob20230320,0001-0472-0552,200,2.82712,43.7781,-1.7228,0.100503,4,39.8,15,21,6,1,1,amplitude_and_residence_top_quartile
drg_calcium_sstlineage_ly,drg_calcium_episode_1,20240410_female_left_L5_dob20230320-0344-0277,20240410femaleleft,20240410femaleleft,20240410_female_left_L5_dob20230320,0002-0344-0277,200,3.60055,38.7015,-1.2043,0.0301508,1.2,39.8,19,52,33,1,1,amplitude_and_residence_top_quartile
drg_calcium_sstlineage_ly,drg_calcium_episode_1,20240411_female2_left_L5_dob20230320-0745-0281,20240411female2left,20240411female2left,20240411_female2_left_L5_dob20230320,0001-0745-0281,200,7.91694,38.4287,-0.54236,0.251256,10,39.8,21,11,-10,1,1,amplitude_and_residence_top_quartile
drg_calcium_sstlineage_ly,drg_calcium_episode_1,20240410_female_left_L5_dob20230320-0039-0667,20240410femaleleft,20240410femaleleft,20240410_female_left_L5_dob20230320,0002-0039-0667,200,0.296339,26.3316,-2.0595,0.0251256,1,39.8,46,58,12,1,1,amplitude_and_residence_top_quartile
drg_calcium_sstlineage_ly,drg_calcium_episode_1,20240410_female_left_L5_dob20230320-0528-0780,20240410femaleleft,20240410femaleleft,20240410_female_left_L5_dob20230320,0002-0528-0780,200,0.534386,24.8909,-1.7528,0.0201005,0.8,39.8,50,67,17,1,1,amplitude_and_residence_top_quartile
drg_calcium_sstlineage_ly,drg_calcium_episode_1,20240411_female1_left_L5_dob20230320-0695-0173,20240411female1left,20240411female1left,20240411_female1_left_L5_dob20230320,0001-0695-0173,200,-0.107075,23.0184,-3.8547,0.0150754,0.6,39.8,56,68,12,1,1,amplitude_and_residence_top_quartile
drg_calcium_sstlineage_ly,drg_calcium_episode_1,20240411_female1_left_L5_dob20230320-0810-0433,20240411female1left,20240411female1left,20240411_female1_left_L5_dob20230320,0002-0810-0433,200,1.06691,18.1846,-1.7366,0.040201,1.6,39.8,63,43,-20,1,1,amplitude_and_residence_top_quartile
drg_calcium_sstlineage_ly,drg_calcium_episode_1,2024_04_09_male_left_L6_dob20230530-0496-0448,20240409,20240409,2024_04_09_male_left_L6_dob20230530,0014-0496-0448,200,1.29124,13.8196,-3.9238,0.0100503,0.4,39.8,71,71,0,1,1,amplitude_and_residence_top_quartile
drg_calcium_sstlineage_ly,drg_calcium_episode_1,2024_04_09_male_left_L6_dob20230530-0157-0360,20240409,20240409,2024_04_09_male_left_L6_dob20230530,0002-0157-0360,200,1.08541,13.0705,-3.885,0.00502513,0.2,39.8,73,74,1,1,1,amplitude_and_residence_top_quartile
drg_calcium_sstlineage_ly,drg_calcium_episode_1,20240411_female1_left_L5_dob20230320-0144-0687,20240411female1left,20240411female1left,20240411_female1_left_L5_dob20230320,0002-0144-0687,200,0.420497,8.8676,-1.3883,0,0,39.8,75,98,23,1,0,amplitude_only_top_quartile
drg_calcium_sstlineage_ly,drg_calcium_episode_1,2024_04_09_male_left_L6_dob20230530-0209-0290,20240409,20240409,2024_04_09_male_left_L6_dob20230530,0020-0209-0290,200,2.39486,7.7504,-3.1198,0,0,39.8,77,144,67,1,0,amplitude_only_top_quartile
drg_calcium_sstlineage_ly,drg_calcium_episode_1,2024_04_09_male_left_L6_dob20230530-0260-0278,20240409,20240409,2024_04_09_male_left_L6_dob20230530,0016-0260-0278,200,1.40544,7.4807,-4.152,0,0,39.8,78,145,67,1,0,amplitude_only_top_quartile
drg_calcium_sstlineage_ly,drg_calcium_episode_1,2024_04_09_male_left_L6_dob20230530-0555-0300,20240409,20240409,2024_04_09_male_left_L6_dob20230530,0015-0555-0300,200,1.28809,6.2097,-2.2339,0,0,39.8,84,168,84,1,0,amplitude_only_top_quartile
drg_calcium_sstlineage_ly,drg_calcium_episode_1,2024_04_09_male_left_L6_dob20230530-0362-0416,20240409,20240409,2024_04_09_male_left_L6_dob20230530,0020-0362-0416,200,1.78792,5.6553,-1.8648,0,0,39.8,90,150,60,1,0,amplitude_only_top_quartile
drg_calcium_sstlineage_ly,drg_calcium_episode_1,2024_04_09_male_left_L6_dob20230530-0442-0199,20240409,20240409,2024_04_09_male_left_L6_dob20230530,0017-0442-0199,200,1.521,5.6315,-1.6451,0,0,39.8,91,158,67,0,0,neither_top_quartile
drg_calcium_sstlineage_ly,drg_calcium_episode_1,2024_04_09_male_left_L6_dob20230530-0401-0246,20240409,20240409,2024_04_09_male_left_L6_dob20230530,0017-0401-0246,200,1.18729,5.1699,-1.7532,0,0,39.8,93,154,61,0,0,neither_top_quartile
drg_calcium_sstlineage_ly,drg_calcium_episode_1,2024_04_09_male_left_L6_dob20230530-0640-0120,20240409,20240409,2024_04_09_male_left_L6_dob20230530,0014-0640-0120,200,1.56495,5.0807,-1.7388,0,0,39.8,94,173,79,0,0,neither_top_quartile
drg_calcium_sstlineage_ly,drg_calcium_episode_1,20240410_female_left_L5_dob20230320-1007-0554,20240410femaleleft,20240410femaleleft,20240410_female_left_L5_dob20230320,0013-1007-0554,200,-2.85887,5.0107,-14.5174,0,0,39.8,99,97,-2,0,0,neither_top_quartile
drg_calcium_sstlineage_ly,drg_calcium_episode_1,2024_04_09_male_left_L6_dob20230530-0454-0198,20240409,20240409,2024_04_09_male_left_L6_dob20230530,0018-0454-0198,200,1.33394,4.9111,-2.7719,0,0,39.8,102,159,57,0,0,neither_top_quartile
drg_calcium_sstlineage_ly,drg_calcium_episode_1,2024_04_09_male_left_L6_dob20230530-0501-0310,20240409,20240409,2024_04_09_male_left_L6_dob20230530,0018-0501-0310,200,1.05177,4.8367,-2.2968,0,0,39.8,104,162,58,0,0,neither_top_quartile
drg_calcium_sstlineage_ly,drg_calcium_episode_1,2024_04_09_male_left_L6_dob20230530-0497-0411,20240409,20240409,2024_04_09_male_left_L6_dob20230530,0011-0497-0411,200,0.259177,4.8063,-1.5847,0,0,39.8,105,161,56,0,0,neither_top_quartile
drg_calcium_sstlineage_ly,drg_calcium_episode_1,2024_04_09_male_left_L6_dob20230530-0534-0181,20240409,20240409,2024_04_09_male_left_L6_dob20230530,0013-0534-0181,200,0.933276,4.59,-1.6271,0,0,39.8,112,165,53,0,0,neither_top_quartile
drg_calcium_sstlineage_ly,drg_calcium_episode_1,2024_04_09_male_left_L6_dob20230530-0337-0239,20240409,20240409,2024_04_09_male_left_L6_dob20230530,0013-0337-0239,200,0.870615,4.5478,-2.7372,0,0,39.8,114,149,35,0,0,neither_top_quartile
drg_calcium_sstlineage_ly,drg_calcium_episode_1,20240411_female1_left_L5_dob20230320-0709-0471,20240411female1left,20240411female1left,20240411_female1_left_L5_dob20230320,0017-0709-0471,200,0.884254,4.542,-1.5232,0,0,39.8,115,123,8,0,0,neither_top_quartile
drg_calcium_sstlineage_ly,drg_calcium_episode_1,20240410_female_left_L5_dob20230320-0453-0697,20240410femaleleft,20240410femaleleft,20240410_female_left_L5_dob20230320,0015-0453-0697,200,0.846676,4.4363,-2.1422,0,0,39.8,119,80,-39,0,1,residence_only_top_quartile
drg_calcium_sstlineage_ly,drg_calcium_episode_1,20240411_female1_left_L5_dob20230320-0734-0624,20240411female1left,20240411female1left,20240411_female1_left_L5_dob20230320,0002-0734-0624,200,0.261007,4.2115,-1.3893,0,0,39.8,131,124,-7,0,0,neither_top_quartile
drg_calcium_sstlineage_ly,drg_calcium_episode_1,2024_04_09_male_left_L6_dob20230530-0970-0430,20240409,20240409,2024_04_09_male_left_L6_dob20230530,0002-0970-0430,200,1.09138,4.1476,-2.04,0,0,39.8,132,180,48,0,0,neither_top_quartile
drg_calcium_sstlineage_ly,drg_calcium_episode_1,2024_04_09_male_left_L6_dob20230530-0632-0171,20240409,20240409,2024_04_09_male_left_L6_dob20230530,0014-0632-0171,200,0.721016,4.1119,-2.1717,0,0,39.8,136,172,36,0,0,neither_top_quartile
drg_calcium_sstlineage_ly,drg_calcium_episode_1,2024_04_09_male_left_L6_dob20230530-0620-0205,20240409,20240409,2024_04_09_male_left_L6_dob20230530,0013-0620-0205,200,0.896751,4.078,-1.7599,0,0,39.8,139,171,32,0,0,neither_top_quartile
drg_calcium_sstlineage_ly,drg_calcium_episode_1,2024_04_09_male_left_L6_dob20230530-0568-0272,20240409,20240409,2024_04_09_male_left_L6_dob20230530,0013-0568-0272,200,0.700603,4.0426,-2.5161,0,0,39.8,141,170,29,0,0,neither_top_quartile
drg_calcium_sstlineage_ly,drg_calcium_episode_1,2024_04_09_male_left_L6_dob20230530-0376-0243,20240409,20240409,2024_04_09_male_left_L6_dob20230530,0013-0376-0243,200,0.260691,4.0174,-2.6132,0,0,39.8,142,151,9,0,0,neither_top_quartile
drg_calcium_sstlineage_ly,drg_calcium_episode_1,2024_04_09_male_left_L6_dob20230530-0912-0129,20240409,20240409,2024_04_09_male_left_L6_dob20230530,0013-0912-0129,200,0.953989,3.9329,-1.5157,0,0,39.8,148,179,31,0,0,neither_top_quartile
drg_calcium_sstlineage_ly,drg_calcium_episode_1,2024_04_09_male_left_L6_dob20230530-0512-0293,20240409,20240409,2024_04_09_male_left_L6_dob20230530,0020-0512-0293,200,0.552107,3.8926,-2.4245,0,0,39.8,153,163,10,0,0,neither_top_quartile
drg_calcium_sstlineage_ly,drg_calcium_episode_1,2024_04_09_male_left_L6_dob20230530-0843-0229,20240409,20240409,2024_04_09_male_left_L6_dob20230530,0014-0843-0229,200,0.827102,3.8882,-2.1347,0,0,39.8,156,176,20,0,0,neither_top_quartile
drg_calcium_sstlineage_ly,drg_calcium_episode_1,20240411_female1_left_L5_dob20230320-0794-0301,20240411female1left,20240411female1left,20240411_female1_left_L5_dob20230320,0002-0794-0301,200,-0.042827,3.8558,-1.2676,0,0,39.8,158,133,-25,0,0,neither_top_quartile
drg_calcium_sstlineage_ly,drg_calcium_episode_1,20240411_female1_left_L5_dob20230320-0426-0656,20240411female1left,20240411female1left,20240411_female1_left_L5_dob20230320,0015-0426-0656,200,0.490524,3.8145,-2.4115,0,0,39.8,161,106,-55,0,0,neither_top_quartile
drg_calcium_sstlineage_ly,drg_calcium_episode_1,2024_04_09_male_left_L6_dob20230530-0419-0311,20240409,20240409,2024_04_09_male_left_L6_dob20230530,0016-0419-0311,200,0.64747,3.7727,-2.8138,0,0,39.8,165,155,-10,0,0,neither_top_quartile
drg_calcium_sstlineage_ly,drg_calcium_episode_1,2024_04_09_male_left_L6_dob20230530-0287-0303,20240409,20240409,2024_04_09_male_left_L6_dob20230530,0017-0287-0303,200,0.547637,3.7143,-2.1943,0,0,39.8,167,146,-21,0,0,neither_top_quartile
drg_calcium_sstlineage_ly,drg_calcium_episode_1,2024_04_09_male_left_L6_dob20230530-0541-0201,20240409,20240409,2024_04_09_male_left_L6_dob20230530,0020-0541-0201,200,0.488791,3.7081,-3.2233,0,0,39.8,168,167,-1,0,0,neither_top_quartile
drg_calcium_sstlineage_ly,drg_calcium_episode_1,2024_04_09_male_left_L6_dob20230530-0828-0247,20240409,20240409,2024_04_09_male_left_L6_dob20230530,0013-0828-0247,200,0.922737,3.7027,-1.9931,0,0,39.8,169,175,6,0,0,neither_top_quartile
drg_calcium_sstlineage_ly,drg_calcium_episode_1,20240411_female1_left_L5_dob20230320-0664-0460,20240411female1left,20240411female1left,20240411_female1_left_L5_dob20230320,0012-0664-0460,200,0.715791,3.6492,-2.5213,0,0,39.8,172,121,-51,0,0,neither_top_quartile
drg_calcium_sstlineage_ly,drg_calcium_episode_1,20240411_female1_left_L5_dob20230320-0271-0618,20240411female1left,20240411female1left,20240411_female1_left_L5_dob20230320,0014-0271-0618,200,0.865048,3.6055,-1.3585,0,0,39.8,178,101,-77,0,0,neither_top_quartile
drg_calcium_sstlineage_ly,drg_calcium_episode_1,20240410_female_left_L5_dob20230320-0538-0489,20240410femaleleft,20240410femaleleft,20240410_female_left_L5_dob20230320,0020-0538-0489,200,0.794493,3.5977,-2.4727,0,0,39.8,179,86,-93,0,1,residence_only_top_quartile
drg_calcium_sstlineage_ly,drg_calcium_episode_1,20240411_female1_left_L5_dob20230320-0752-0319,20240411female1left,20240411female1left,20240411_female1_left_L5_dob20230320,0021-0752-0319,200,0.951289,3.5767,-1.7652,0,0,39.8,181,127,-54,0,0,neither_top_quartile
drg_calcium_sstlineage_ly,drg_calcium_episode_1,20240410_female_left_L5_dob20230320-0371-0643,20240410femaleleft,20240410femaleleft,20240410_female_left_L5_dob20230320,0012-0371-0643,200,0.272267,3.5662,-1.5992,0,0,39.8,182,78,-104,0,1,residence_only_top_quartile
drg_calcium_sstlineage_ly,drg_calcium_episode_1,2024_04_09_male_left_L6_dob20230530-0527-0337,20240409,20240409,2024_04_09_male_left_L6_dob20230530,0015-0527-0337,200,0.403613,3.5154,-2.0923,0,0,39.8,184,164,-20,0,0,neither_top_quartile
drg_calcium_sstlineage_ly,drg_calcium_episode_1,20240411_female1_left_L5_dob20230320-0819-0337,20240411female1left,20240411female1left,20240411_female1_left_L5_dob20230320,0008-0819-0337,200,0.452054,3.4833,-1.996,0,0,39.8,188,135,-53,0,0,neither_top_quartile
drg_calcium_sstlineage_ly,drg_calcium_episode_1,2024_04_09_male_left_L6_dob20230530-0561-0214,20240409,20240409,2024_04_09_male_left_L6_dob20230530,0018-0561-0214,200,0.889093,3.4828,-1.8777,0,0,39.8,189,169,-20,0,0,neither_top_quartile
drg_calcium_sstlineage_ly,drg_calcium_episode_1,2024_04_09_male_left_L6_dob20230530-0908-0194,20240409,20240409,2024_04_09_male_left_L6_dob20230530,0013-0908-0194,200,0.472159,3.4682,-2.1682,0,0,39.8,191,178,-13,0,0,neither_top_quartile
drg_calcium_sstlineage_ly,drg_calcium_episode_1,20240411_female1_left_L5_dob20230320-0689-0662,20240411female1left,20240411female1left,20240411_female1_left_L5_dob20230320,0015-0689-0662,200,0.64732,3.454,-2.7222,0,0,39.8,193,122,-71,0,0,neither_top_quartile
drg_calcium_sstlineage_ly,drg_calcium_episode_1,20240410_female_left_L5_dob20230320-0457-0358,20240410femaleleft,20240410femaleleft,20240410_female_left_L5_dob20230320,0002-0457-0358,200,0.723499,3.3737,-2.1871,0,0,39.8,198,81,-117,0,1,residence_only_top_quartile
drg_calcium_sstlineage_ly,drg_calcium_episode_1,20240410_female_left_L5_dob20230320-0385-0789,20240410femaleleft,20240410femaleleft,20240410_female_left_L5_dob20230320,0018-0385-0789,200,0.609341,3.3059,-2.6863,0,0,39.8,200,79,-121,0,1,residence_only_top_quartile
drg_calcium_sstlineage_ly,drg_calcium_episode_1,20240411_female1_left_L5_dob20230320-0800-0180,20240411female1left,20240411female1left,20240411_female1_left_L5_dob20230320,0014-0800-0180,200,0.584737,3.304,-1.962,0,0,39.8,201,134,-67,0,0,neither_top_quartile
drg_calcium_sstlineage_ly,drg_calcium_episode_1,2024_04_09_male_left_L6_dob20230530-0381-0293,20240409,20240409,2024_04_09_male_left_L6_dob20230530,0017-0381-0293,200,0.424473,3.2894,-2.8245,0,0,39.8,203,152,-51,0,0,neither_top_quartile
drg_calcium_sstlineage_ly,drg_calcium_episode_1,20240411_female1_left_L5_dob20230320-0408-0588,20240411female1left,20240411female1left,20240411_female1_left_L5_dob20230320,0015-0408-0588,200,0.792867,3.2891,-1.717,0,0,39.8,204,103,-101,0,0,neither_top_quartile
drg_calcium_sstlineage_ly,drg_calcium_episode_1,2024_04_09_male_left_L6_dob20230530-0302-0312,20240409,20240409,2024_04_09_male_left_L6_dob20230530,0015-0302-0312,200,0.585342,3.2711,-1.946,0,0,39.8,209,147,-62,0,0,neither_top_quartile
drg_calcium_sstlineage_ly,drg_calcium_episode_1,2024_04_09_male_left_L6_dob20230530-0305-0361,20240409,20240409,2024_04_09_male_left_L6_dob20230530,0017-0305-0361,200,0.675999,3.2484,-2.3124,0,0,39.8,211,148,-63,0,0,neither_top_quartile
drg_calcium_sstlineage_ly,drg_calcium_episode_1,2024_04_09_male_left_L6_dob20230530-0461-0278,20240409,20240409,2024_04_09_male_left_L6_dob20230530,0013-0461-0278,200,0.564776,3.2199,-2.5282,0,0,39.8,215,160,-55,0,0,neither_top_quartile
drg_calcium_sstlineage_ly,drg_calcium_episode_1,20240411_female2_left_L5_dob20230320-0643-0288,20240411female2left,20240411female2left,20240411_female2_left_L5_dob20230320,0002-0643-0288,200,0.386137,3.1767,-2.5206,0,0,39.8,219,143,-76,0,0,neither_top_quartile
drg_calcium_sstlineage_ly,drg_calcium_episode_1,2024_04_09_male_left_L6_dob20230530-0428-0268,20240409,20240409,2024_04_09_male_left_L6_dob20230530,0016-0428-0268,200,0.644686,3.1415,-1.4964,0,0,39.8,222,157,-65,0,0,neither_top_quartile
drg_calcium_sstlineage_ly,drg_calcium_episode_1,20240410_female_left_L5_dob20230320-0565-0267,20240410femaleleft,20240410femaleleft,20240410_female_left_L5_dob20230320,0015-0565-0267,200,0.80588,3.1389,-1.8841,0,0,39.8,223,88,-135,0,1,residence_only_top_quartile
drg_calcium_sstlineage_ly,drg_calcium_episode_1,20240410_female_left_L5_dob20230320-0589-0715,20240410femaleleft,20240410femaleleft,20240410_female_left_L5_dob20230320,0019-0589-0715,200,0.58246,3.1371,-1.9628,0,0,39.8,224,89,-135,0,1,residence_only_top_quartile
drg_calcium_sstlineage_ly,drg_calcium_episode_1,2024_04_09_male_left_L6_dob20230530-0420-0425,20240409,20240409,2024_04_09_male_left_L6_dob20230530,0011-0420-0425,200,0.0239791,3.1273,-2.1995,0,0,39.8,227,156,-71,0,0,neither_top_quartile
drg_calcium_sstlineage_ly,drg_calcium_episode_1,20240411_female1_left_L5_dob20230320-0784-0394,20240411female1left,20240411female1left,20240411_female1_left_L5_dob20230320,0014-0784-0394,200,0.985208,3.1143,-1.2787,0,0,39.8,229,131,-98,0,0,neither_top_quartile
drg_calcium_sstlineage_ly,drg_calcium_episode_1,20240410_female_left_L5_dob20230320-0468-0732,20240410femaleleft,20240410femaleleft,20240410_female_left_L5_dob20230320,0012-0468-0732,200,0.443081,3.112,-1.5689,0,0,39.8,230,82,-148,0,1,residence_only_top_quartile
drg_calcium_sstlineage_ly,drg_calcium_episode_1,20240410_female_left_L5_dob20230320-0819-0574,20240410femaleleft,20240410femaleleft,20240410_female_left_L5_dob20230320,0020-0819-0574,200,0.718089,3.0051,-2.0218,0,0,39.8,239,94,-145,0,0,neither_top_quartile
drg_calcium_sstlineage_ly,drg_calcium_episode_1,20240411_female1_left_L5_dob20230320-0627-0161,20240411female1left,20240411female1left,20240411_female1_left_L5_dob20230320,0012-0627-0161,200,0.822959,2.9869,-2.1855,0,0,39.8,241,116,-125,0,0,neither_top_quartile
drg_calcium_sstlineage_ly,drg_calcium_episode_1,20240411_female1_left_L5_dob20230320-0259-0668,20240411female1left,20240411female1left,20240411_female1_left_L5_dob20230320,0014-0259-0668,200,0.409652,2.942,-1.7102,0,0,39.8,247,100,-147,0,0,neither_top_quartile
drg_calcium_sstlineage_ly,drg_calcium_episode_1,2024_04_09_male_left_L6_dob20230530-0540-0408,20240409,20240409,2024_04_09_male_left_L6_dob20230530,0002-0540-0408,200,0.227316,2.8899,-1.9996,0,0,39.8,253,166,-87,0,0,neither_top_quartile
drg_calcium_sstlineage_ly,drg_calcium_episode_1,20240411_female1_left_L5_dob20230320-0561-0545,20240411female1left,20240411female1left,20240411_female1_left_L5_dob20230320,0015-0561-0545,200,0.306713,2.8503,-1.6462,0,0,39.8,257,110,-147,0,0,neither_top_quartile
drg_calcium_sstlineage_ly,drg_calcium_episode_1,20240410_female_left_L5_dob20230320-0599-0678,20240410femaleleft,20240410femaleleft,20240410_female_left_L5_dob20230320,0018-0599-0678,200,0.455029,2.8472,-1.7056,0,0,39.8,258,90,-168,0,1,residence_only_top_quartile
drg_calcium_sstlineage_ly,drg_calcium_episode_1,20240411_female1_left_L5_dob20230320-0607-0714,20240411female1left,20240411female1left,20240411_female1_left_L5_dob20230320,0020-0607-0714,200,0.20242,2.8256,-1.8978,0,0,39.8,259,114,-145,0,0,neither_top_quartile
drg_calcium_sstlineage_ly,drg_calcium_episode_1,20240410_female_left_L5_dob20230320-0824-0536,20240410femaleleft,20240410femaleleft,20240410_female_left_L5_dob20230320,0019-0824-0536,200,-0.0679335,2.8229,-2.7015,0,0,39.8,260,95,-165,0,0,neither_top_quartile
drg_calcium_sstlineage_ly,drg_calcium_episode_1,20240410_female_left_L5_dob20230320-0142-0716,20240410femaleleft,20240410femaleleft,20240410_female_left_L5_dob20230320,0020-0142-0716,200,0.217732,2.7949,-2.8939,0,0,39.8,263,76,-187,0,1,residence_only_top_quartile
drg_calcium_sstlineage_ly,drg_calcium_episode_1,20240411_female1_left_L5_dob20230320-0212-0659,20240411female1left,20240411female1left,20240411_female1_left_L5_dob20230320,0003-0212-0659,200,0.378391,2.7552,-2.1303,0,0,39.8,264,99,-165,0,0,neither_top_quartile
drg_calcium_sstlineage_ly,drg_calcium_episode_1,20240410_female_left_L5_dob20230320-0497-0425,20240410femaleleft,20240410femaleleft,20240410_female_left_L5_dob20230320,0012-0497-0425,200,0.166237,2.7454,-2.377,0,0,39.8,266,84,-182,0,1,residence_only_top_quartile
drg_calcium_sstlineage_ly,drg_calcium_episode_1,20240411_female1_left_L5_dob20230320-0766-0341,20240411female1left,20240411female1left,20240411_female1_left_L5_dob20230320,0017-0766-0341,200,0.431667,2.7396,-1.9197,0,0,39.8,267,129,-138,0,0,neither_top_quartile
drg_calcium_sstlineage_ly,drg_calcium_episode_1,20240411_female1_left_L5_dob20230320-0834-0270,20240411female1left,20240411female1left,20240411_female1_left_L5_dob20230320,0013-0834-0270,200,0.110005,2.7064,-2.0838,0,0,39.8,269,136,-133,0,0,neither_top_quartile
drg_calcium_sstlineage_ly,drg_calcium_episode_1,20240411_female1_left_L5_dob20230320-0625-0687,20240411female1left,20240411female1left,20240411_female1_left_L5_dob20230320,0014-0625-0687,200,0.589117,2.6978,-1.7491,0,0,39.8,271,115,-156,0,0,neither_top_quartile
drg_calcium_sstlineage_ly,drg_calcium_episode_1,2024_04_09_male_left_L6_dob20230530-0863-0305,20240409,20240409,2024_04_09_male_left_L6_dob20230530,0002-0863-0305,200,0.578511,2.6803,-2.3049,0,0,39.8,275,177,-98,0,0,neither_top_quartile
drg_calcium_sstlineage_ly,drg_calcium_episode_1,20240411_female1_left_L5_dob20230320-0651-0604,20240411female1left,20240411female1left,20240411_female1_left_L5_dob20230320,0014-0651-0604,200,0.694697,2.6305,-1.3585,0,0,39.8,279,119,-160,0,0,neither_top_quartile
drg_calcium_sstlineage_ly,drg_calcium_episode_1,20240411_female1_left_L5_dob20230320-0540-0636,20240411female1left,20240411female1left,20240411_female1_left_L5_dob20230320,0019-0540-0636,200,0.58831,2.6277,-1.4945,0,0,39.8,280,109,-171,0,0,neither_top_quartile
drg_calcium_sstlineage_ly,drg_calcium_episode_1,20240411_female2_left_L5_dob20230320-0317-0377,20240411female2left,20240411female2left,20240411_female2_left_L5_dob20230320,0002-0317-0377,200,0.309122,2.6211,-1.4674,0,0,39.8,281,141,-140,0,0,neither_top_quartile
drg_calcium_sstlineage_ly,drg_calcium_episode_1,20240410_female_left_L5_dob20230320-0229-0503,20240410femaleleft,20240410femaleleft,20240410_female_left_L5_dob20230320,0012-0229-0503,200,0.0440165,2.587,-2.2186,0,0,39.8,284,77,-207,0,1,residence_only_top_quartile
drg_calcium_sstlineage_ly,drg_calcium_episode_1,20240411_female1_left_L5_dob20230320-0415-0531,20240411female1left,20240411female1left,20240411_female1_left_L5_dob20230320,0014-0415-0531,200,0.488536,2.5686,-1.7616,0,0,39.8,285,105,-180,0,0,neither_top_quartile
drg_calcium_sstlineage_ly,drg_calcium_episode_1,20240410_female_left_L5_dob20230320-0896-0482,20240410femaleleft,20240410femaleleft,20240410_female_left_L5_dob20230320,0017-0896-0482,200,-0.0631456,2.5632,-2.6752,0,0,39.8,286,96,-190,0,0,neither_top_quartile
drg_calcium_sstlineage_ly,drg_calcium_episode_1,20240411_female1_left_L5_dob20230320-0355-0282,20240411female1left,20240411female1left,20240411_female1_left_L5_dob20230320,0015-0355-0282,200,0.107767,2.5608,-2.3098,0,0,39.8,287,102,-185,0,0,neither_top_quartile
drg_calcium_sstlineage_ly,drg_calcium_episode_1,20240410_female_left_L5_dob20230320-0490-0695,20240410femaleleft,20240410femaleleft,20240410_female_left_L5_dob20230320,0020-0490-0695,200,0.0429725,2.5528,-2.9738,0,0,39.8,289,83,-206,0,1,residence_only_top_quartile
drg_calcium_sstlineage_ly,drg_calcium_episode_1,20240411_female1_left_L5_dob20230320-0976-0282,20240411female1left,20240411female1left,20240411_female1_left_L5_dob20230320,0011-0976-0282,200,0.420944,2.5222,-1.1063,0,0,39.8,292,139,-153,0,0,neither_top_quartile
drg_calcium_sstlineage_ly,drg_calcium_episode_1,20240411_female1_left_L5_dob20230320-0641-0555,20240411female1left,20240411female1left,20240411_female1_left_L5_dob20230320,0016-0641-0555,200,0.670055,2.5039,-1.4561,0,0,39.8,295,117,-178,0,0,neither_top_quartile
drg_calcium_sstlineage_ly,drg_calcium_episode_1,20240411_female1_left_L5_dob20230320-0508-0549,20240411female1left,20240411female1left,20240411_female1_left_L5_dob20230320,0019-0508-0549,200,0.557674,2.4954,-2.3739,0,0,39.8,298,108,-190,0,0,neither_top_quartile
drg_calcium_sstlineage_ly,drg_calcium_episode_1,2024_04_09_male_left_L6_dob20230530-0693-0194,20240409,20240409,2024_04_09_male_left_L6_dob20230530,0017-0693-0194,200,0.244328,2.441,-2.2476,0,0,39.8,302,174,-128,0,0,neither_top_quartile
drg_calcium_sstlineage_ly,drg_calcium_episode_1,20240411_female1_left_L5_dob20230320-0777-0489,20240411female1left,20240411female1left,20240411_female1_left_L5_dob20230320,0019-0777-0489,200,0.288624,2.4152,-1.3267,0,0,39.8,303,130,-173,0,0,neither_top_quartile
drg_calcium_sstlineage_ly,drg_calcium_episode_1,20240411_female1_left_L5_dob20230320-0858-0082,20240411female1left,20240411female1left,20240411_female1_left_L5_dob20230320,0015-0858-0082,200,0.372143,2.4074,-2.4645,0,0,39.8,304,138,-166,0,0,neither_top_quartile
drg_calcium_sstlineage_ly,drg_calcium_episode_1,20240411_female1_left_L5_dob20230320-0436-0610,20240411female1left,20240411female1left,20240411_female1_left_L5_dob20230320,0015-0436-0610,200,0.203785,2.3908,-2.2106,0,0,39.8,305,107,-198,0,0,neither_top_quartile
drg_calcium_sstlineage_ly,drg_calcium_episode_1,20240411_female1_left_L5_dob20230320-0409-0622,20240411female1left,20240411female1left,20240411_female1_left_L5_dob20230320,0015-0409-0622,200,0.161503,2.3875,-2.2153,0,0,39.8,306,104,-202,0,0,neither_top_quartile
drg_calcium_sstlineage_ly,drg_calcium_episode_1,20240411_female1_left_L5_dob20230320-0847-0184,20240411female1left,20240411female1left,20240411_female1_left_L5_dob20230320,0011-0847-0184,200,0.28816,2.3842,-2.2631,0,0,39.8,307,137,-170,0,0,neither_top_quartile
drg_calcium_sstlineage_ly,drg_calcium_episode_1,20240411_female1_left_L5_dob20230320-0658-0636,20240411female1left,20240411female1left,20240411_female1_left_L5_dob20230320,0010-0658-0636,200,0.437681,2.303,-1.2484,0,0,39.8,310,120,-190,0,0,neither_top_quartile
drg_calcium_sstlineage_ly,drg_calcium_episode_1,20240410_female_left_L5_dob20230320-0763-0430,20240410femaleleft,20240410femaleleft,20240410_female_left_L5_dob20230320,0012-0763-0430,200,-0.0684153,2.286,-2.118,0,0,39.8,311,92,-219,0,0,neither_top_quartile
drg_calcium_sstlineage_ly,drg_calcium_episode_1,20240411_female1_left_L5_dob20230320-0750-0470,20240411female1left,20240411female1left,20240411_female1_left_L5_dob20230320,0002-0750-0470,200,0.103643,2.248,-2.4575,0,0,39.8,312,126,-186,0,0,neither_top_quartile
drg_calcium_sstlineage_ly,drg_calcium_episode_1,20240410_female_left_L5_dob20230320-0663-0675,20240410femaleleft,20240410femaleleft,20240410_female_left_L5_dob20230320,0012-0663-0675,200,0.136645,2.1589,-1.8595,0,0,39.8,319,91,-228,0,0,neither_top_quartile
drg_calcium_sstlineage_ly,drg_calcium_episode_1,20240411_female1_left_L5_dob20230320-0748-0718,20240411female1left,20240411female1left,20240411_female1_left_L5_dob20230320,0017-0748-0718,200,0.114709,2.1207,-2.2867,0,0,39.8,323,125,-198,0,0,neither_top_quartile
drg_calcium_sstlineage_ly,drg_calcium_episode_1,20240411_female1_left_L5_dob20230320-0567-0578,20240411female1left,20240411female1left,20240411_female1_left_L5_dob20230320,0014-0567-0578,200,0.295721,2.0499,-1.6231,0,0,39.8,325,112,-213,0,0,neither_top_quartile
drg_calcium_sstlineage_ly,drg_calcium_episode_1,20240411_female1_left_L5_dob20230320-0646-0615,20240411female1left,20240411female1left,20240411_female1_left_L5_dob20230320,0011-0646-0615,200,0.0182271,1.9496,-1.9989,0,0,39.8,330,118,-212,0,0,neither_top_quartile
drg_calcium_sstlineage_ly,drg_calcium_episode_1,20240411_female1_left_L5_dob20230320-0787-0713,20240411female1left,20240411female1left,20240411_female1_left_L5_dob20230320,0013-0787-0713,200,0.19737,1.9394,-1.5916,0,0,39.8,331,132,-199,0,0,neither_top_quartile
drg_calcium_sstlineage_ly,drg_calcium_episode_1,20240411_female1_left_L5_dob20230320-0574-0624,20240411female1left,20240411female1left,20240411_female1_left_L5_dob20230320,0014-0574-0624,200,0.155966,1.9114,-1.8094,0,0,39.8,332,113,-219,0,0,neither_top_quartile
drg_calcium_sstlineage_ly,drg_calcium_episode_1,20240410_female_left_L5_dob20230320-0060-0786,20240410femaleleft,20240410femaleleft,20240410_female_left_L5_dob20230320,0023-0060-0786,200,-0.170819,1.7599,-1.685,0,0,39.8,343,75,-268,0,1,residence_only_top_quartile
drg_calcium_sstlineage_ly,drg_calcium_episode_1,20240411_female1_left_L5_dob20230320-0566-0503,20240411female1left,20240411female1left,20240411_female1_left_L5_dob20230320,0012-0566-0503,200,0.241964,1.7315,-1.2724,0,0,39.8,345,111,-234,0,0,neither_top_quartile
drg_calcium_sstlineage_ly,drg_calcium_episode_1,2024_04_09_male_left_L6_dob20230530-0388-0358,20240409,20240409,2024_04_09_male_left_L6_dob20230530,0011-0388-0358,200,-0.116174,1.636,-1.9004,0,0,39.8,349,153,-196,0,0,neither_top_quartile
drg_calcium_sstlineage_ly,drg_calcium_episode_1,20240410_female_left_L5_dob20230320-0559-0681,20240410femaleleft,20240410femaleleft,20240410_female_left_L5_dob20230320,0002-0559-0681,200,-0.0398374,1.6284,-1.6239,0,0,39.8,350,87,-263,0,1,residence_only_top_quartile
drg_calcium_sstlineage_ly,drg_calcium_episode_1,20240410_female_left_L5_dob20230320-0811-0423,20240410femaleleft,20240410femaleleft,20240410_female_left_L5_dob20230320,0011-0811-0423,200,-0.0394468,1.5987,-2.112,0,0,39.8,352,93,-259,0,0,neither_top_quartile
drg_calcium_sstlineage_ly,drg_calcium_episode_1,20240411_female1_left_L5_dob20230320-0754-0732,20240411female1left,20240411female1left,20240411_female1_left_L5_dob20230320,0011-0754-0732,200,0.166474,1.5284,-0.99741,0,0,39.8,354,128,-226,0,0,neither_top_quartile
drg_calcium_sstlineage_ly,drg_calcium_episode_1,20240410_female_left_L5_dob20230320-0509-0599,20240410femaleleft,20240410femaleleft,20240410_female_left_L5_dob20230320,0011-0509-0599,200,0.0704683,1.3553,-1.8071,0,0,39.8,358,85,-273,0,1,residence_only_top_quartile
drg_calcium_sstlineage_ly,drg_calcium_episode_1,20240411_female2_left_L5_dob20230320-0108-0354,20240411female2left,20240411female2left,20240411_female2_left_L5_dob20230320,0002-0108-0354,200,-0.747652,1.1977,-2.7635,0,0,39.8,359,140,-219,0,0,neither_top_quartile
drg_calcium_sstlineage_ly,drg_calcium_episode_1,20240411_female2_left_L5_dob20230320-0524-0444,20240411female2left,20240411female2left,20240411_female2_left_L5_dob20230320,0002-0524-0444,200,-0.247706,0.91967,-1.5699,0,0,39.8,360,142,-218,0,0,neither_top_quartile
drg_calcium_sstlineage_ly,drg_calcium_episode_2,20240411_female1_left_L5_dob20230320-0658-0636,20240411female1left,20240411female1left,20240411_female1_left_L5_dob20230320,0010-0658-0636,200,1.07509,30.8852,-1.9771,0.0301508,1.2,39.8,30,55,25,1,1,amplitude_and_residence_top_quartile
drg_calcium_sstlineage_ly,drg_calcium_episode_2,2024_04_09_male_left_L6_dob20230530-0501-0310,20240409,20240409,2024_04_09_male_left_L6_dob20230530,0018-0501-0310,200,2.12877,25.0105,-1.8951,0.0201005,0.8,39.8,49,60,11,1,1,amplitude_and_residence_top_quartile
drg_calcium_sstlineage_ly,drg_calcium_episode_2,20240410_female_left_L5_dob20230320-0589-0715,20240410femaleleft,20240410femaleleft,20240410_female_left_L5_dob20230320,0019-0589-0715,200,1.53879,16.3241,-2.4536,0.0301508,1.2,39.8,67,54,-13,1,1,amplitude_and_residence_top_quartile
drg_calcium_sstlineage_ly,drg_calcium_episode_2,2024_04_09_male_left_L6_dob20230530-0496-0448,20240409,20240409,2024_04_09_male_left_L6_dob20230530,0014-0496-0448,200,1.16042,15.8569,-2.3051,0.0100503,0.4,39.8,68,73,5,1,1,amplitude_and_residence_top_quartile
drg_calcium_sstlineage_ly,drg_calcium_episode_2,20240410_female_left_L5_dob20230320-0528-0780,20240410femaleleft,20240410femaleleft,20240410_female_left_L5_dob20230320,0002-0528-0780,200,1.17947,13.6725,-1.8864,0.0301508,1.2,39.8,72,51,-21,1,1,amplitude_and_residence_top_quartile
drg_calcium_sstlineage_ly,drg_calcium_episode_2,20240411_female1_left_L5_dob20230320-0695-0173,20240411female1left,20240411female1left,20240411_female1_left_L5_dob20230320,0001-0695-0173,200,1.01763,11.6081,-1.3545,0.0100503,0.4,39.8,74,72,-2,1,1,amplitude_and_residence_top_quartile
drg_calcium_sstlineage_ly,drg_calcium_episode_2,20240411_female2_left_L5_dob20230320-0524-0444,20240411female2left,20240411female2left,20240411_female2_left_L5_dob20230320,0002-0524-0444,200,1.95917,8.6624,-2.7368,0,0,39.8,76,254,178,1,0,amplitude_only_top_quartile
drg_calcium_sstlineage_ly,drg_calcium_episode_2,2024_04_09_male_left_L6_dob20230530-0640-0120,20240409,20240409,2024_04_09_male_left_L6_dob20230530,0014-0640-0120,200,1.86069,6.5326,-2.7839,0,0,39.8,83,286,203,1,0,amplitude_only_top_quartile
drg_calcium_sstlineage_ly,drg_calcium_episode_2,2024_04_09_male_left_L6_dob20230530-0260-0278,20240409,20240409,2024_04_09_male_left_L6_dob20230530,0016-0260-0278,200,2.00936,6.0054,-2.5915,0,0,39.8,85,259,174,1,0,amplitude_only_top_quartile
drg_calcium_sstlineage_ly,drg_calcium_episode_2,20240410_female_left_L5_dob20230320-1007-0554,20240410femaleleft,20240410femaleleft,20240410_female_left_L5_dob20230320,0013-1007-0554,200,1.37409,5.9856,-3.2782,0,0,39.8,86,206,120,1,0,amplitude_only_top_quartile
drg_calcium_sstlineage_ly,drg_calcium_episode_2,2024_04_09_male_left_L6_dob20230530-0337-0239,20240409,20240409,2024_04_09_male_left_L6_dob20230530,0013-0337-0239,200,1.3061,5.7566,-2.2473,0,0,39.8,88,263,175,1,0,amplitude_only_top_quartile
drg_calcium_sstlineage_ly,drg_calcium_episode_2,2024_04_09_male_left_L6_dob20230530-0209-0290,20240409,20240409,2024_04_09_male_left_L6_dob20230530,0020-0209-0290,200,1.3633,5.7163,-3.2058,0,0,39.8,89,258,169,1,0,amplitude_only_top_quartile
drg_calcium_sstlineage_ly,drg_calcium_episode_2,2024_04_09_male_left_L6_dob20230530-0442-0199,20240409,20240409,2024_04_09_male_left_L6_dob20230530,0017-0442-0199,200,1.64957,5.0594,-2.3655,0,0,39.8,95,272,177,0,0,neither_top_quartile
drg_calcium_sstlineage_ly,drg_calcium_episode_2,20240411_female1_left_L5_dob20230320-0689-0662,20240411female1left,20240411female1left,20240411_female1_left_L5_dob20230320,0015-0689-0662,200,1.43764,5.0567,-1.4893,0,0,39.8,96,232,136,0,0,neither_top_quartile
drg_calcium_sstlineage_ly,drg_calcium_episode_2,2024_04_09_male_left_L6_dob20230530-0632-0171,20240409,20240409,2024_04_09_male_left_L6_dob20230530,0014-0632-0171,200,1.28529,5.0174,-2.7345,0,0,39.8,98,285,187,0,0,neither_top_quartile
drg_calcium_sstlineage_ly,drg_calcium_episode_2,20240411_female1_left_L5_dob20230320-0847-0184,20240411female1left,20240411female1left,20240411_female1_left_L5_dob20230320,0011-0847-0184,200,0.965368,4.9568,-1.9228,0,0,39.8,101,248,147,0,0,neither_top_quartile
drg_calcium_sstlineage_ly,drg_calcium_episode_2,20240411_female1_left_L5_dob20230320-0819-0337,20240411female1left,20240411female1left,20240411_female1_left_L5_dob20230320,0008-0819-0337,200,1.63705,4.8478,-0.88675,0,0,39.8,103,246,143,0,0,neither_top_quartile
drg_calcium_sstlineage_ly,drg_calcium_episode_2,2024_04_09_male_left_L6_dob20230530-0843-0229,20240409,20240409,2024_04_09_male_left_L6_dob20230530,0014-0843-0229,200,1.53859,4.7529,-2.6083,0,0,39.8,106,290,184,0,0,neither_top_quartile
drg_calcium_sstlineage_ly,drg_calcium_episode_2,2024_04_09_male_left_L6_dob20230530-0401-0246,20240409,20240409,2024_04_09_male_left_L6_dob20230530,0017-0401-0246,200,1.55581,4.7304,-2.3254,0,0,39.8,107,268,161,0,0,neither_top_quartile
drg_calcium_sstlineage_ly,drg_calcium_episode_2,20240410_female_left_L5_dob20230320-0142-0716,20240410femaleleft,20240410femaleleft,20240410_female_left_L5_dob20230320,0020-0142-0716,200,0.821685,4.7148,-3.5618,0,0,39.8,108,183,75,0,0,neither_top_quartile
drg_calcium_sstlineage_ly,drg_calcium_episode_2,2024_04_09_male_left_L6_dob20230530-0376-0243,20240409,20240409,2024_04_09_male_left_L6_dob20230530,0013-0376-0243,200,0.983245,4.7113,-2.2181,0,0,39.8,109,265,156,0,0,neither_top_quartile
drg_calcium_sstlineage_ly,drg_calcium_episode_2,2024_04_09_male_left_L6_dob20230530-0362-0416,20240409,20240409,2024_04_09_male_left_L6_dob20230530,0020-0362-0416,200,1.27932,4.6952,-2.0588,0,0,39.8,110,264,154,0,0,neither_top_quartile
drg_calcium_sstlineage_ly,drg_calcium_episode_2,2024_04_09_male_left_L6_dob20230530-0828-0247,20240409,20240409,2024_04_09_male_left_L6_dob20230530,0013-0828-0247,200,0.992421,4.4658,-1.6831,0,0,39.8,117,289,172,0,0,neither_top_quartile
drg_calcium_sstlineage_ly,drg_calcium_episode_2,2024_04_09_male_left_L6_dob20230530-0454-0198,20240409,20240409,2024_04_09_male_left_L6_dob20230530,0018-0454-0198,200,0.841618,4.4407,-3.4275,0,0,39.8,118,273,155,0,0,neither_top_quartile
drg_calcium_sstlineage_ly,drg_calcium_episode_2,2024_04_09_male_left_L6_dob20230530-0555-0300,20240409,20240409,2024_04_09_male_left_L6_dob20230530,0015-0555-0300,200,1.00742,4.436,-2.2695,0,0,39.8,120,281,161,0,0,neither_top_quartile
drg_calcium_sstlineage_ly,drg_calcium_episode_2,20240411_female1_left_L5_dob20230320-0800-0180,20240411female1left,20240411female1left,20240411_female1_left_L5_dob20230320,0014-0800-0180,200,1.1374,4.4271,-1.6156,0,0,39.8,122,244,122,0,0,neither_top_quartile
drg_calcium_sstlineage_ly,drg_calcium_episode_2,2024_04_09_male_left_L6_dob20230530-0381-0293,20240409,20240409,2024_04_09_male_left_L6_dob20230530,0017-0381-0293,200,0.617987,4.3721,-2.7574,0,0,39.8,124,266,142,0,0,neither_top_quartile
drg_calcium_sstlineage_ly,drg_calcium_episode_2,20240410_female_left_L5_dob20230320-0819-0574,20240410femaleleft,20240410femaleleft,20240410_female_left_L5_dob20230320,0020-0819-0574,200,1.37641,4.3378,-2.0055,0,0,39.8,126,202,76,0,0,neither_top_quartile
drg_calcium_sstlineage_ly,drg_calcium_episode_2,2024_04_09_male_left_L6_dob20230530-0512-0293,20240409,20240409,2024_04_09_male_left_L6_dob20230530,0020-0512-0293,200,0.97959,4.3114,-2.2233,0,0,39.8,127,276,149,0,0,neither_top_quartile
drg_calcium_sstlineage_ly,drg_calcium_episode_2,20240410_female_left_L5_dob20230320-0490-0695,20240410femaleleft,20240410femaleleft,20240410_female_left_L5_dob20230320,0020-0490-0695,200,1.13129,4.2676,-2.6375,0,0,39.8,128,191,63,0,0,neither_top_quartile
drg_calcium_sstlineage_ly,drg_calcium_episode_2,2024_04_09_male_left_L6_dob20230530-0541-0201,20240409,20240409,2024_04_09_male_left_L6_dob20230530,0020-0541-0201,200,0.801074,4.242,-2.48,0,0,39.8,129,280,151,0,0,neither_top_quartile
drg_calcium_sstlineage_ly,drg_calcium_episode_2,2024_04_09_male_left_L6_dob20230530-0461-0278,20240409,20240409,2024_04_09_male_left_L6_dob20230530,0013-0461-0278,200,1.10459,4.1152,-2.5333,0,0,39.8,134,274,140,0,0,neither_top_quartile
drg_calcium_sstlineage_ly,drg_calcium_episode_2,20240411_female1_left_L5_dob20230320-0752-0319,20240411female1left,20240411female1left,20240411_female1_left_L5_dob20230320,0021-0752-0319,200,0.710425,4.0987,-2.2514,0,0,39.8,138,237,99,0,0,neither_top_quartile
drg_calcium_sstlineage_ly,drg_calcium_episode_2,20240410_female_left_L5_dob20230320-0599-0678,20240410femaleleft,20240410femaleleft,20240410_female_left_L5_dob20230320,0018-0599-0678,200,1.17401,4.0488,-1.4655,0,0,39.8,140,197,57,0,0,neither_top_quartile
drg_calcium_sstlineage_ly,drg_calcium_episode_2,20240411_female1_left_L5_dob20230320-0408-0588,20240411female1left,20240411female1left,20240411_female1_left_L5_dob20230320,0015-0408-0588,200,1.10587,4.0053,-2.3791,0,0,39.8,144,212,68,0,0,neither_top_quartile
drg_calcium_sstlineage_ly,drg_calcium_episode_2,2024_04_09_male_left_L6_dob20230530-0908-0194,20240409,20240409,2024_04_09_male_left_L6_dob20230530,0013-0908-0194,200,0.892749,4.0022,-2.6857,0,0,39.8,145,292,147,0,0,neither_top_quartile
drg_calcium_sstlineage_ly,drg_calcium_episode_2,20240410_female_left_L5_dob20230320-0453-0697,20240410femaleleft,20240410femaleleft,20240410_female_left_L5_dob20230320,0015-0453-0697,200,1.0478,3.9922,-1.5339,0,0,39.8,146,188,42,0,0,neither_top_quartile
drg_calcium_sstlineage_ly,drg_calcium_episode_2,20240410_female_left_L5_dob20230320-0385-0789,20240410femaleleft,20240410femaleleft,20240410_female_left_L5_dob20230320,0018-0385-0789,200,0.803007,3.9904,-1.512,0,0,39.8,147,187,40,0,0,neither_top_quartile
drg_calcium_sstlineage_ly,drg_calcium_episode_2,20240411_female1_left_L5_dob20230320-0750-0470,20240411female1left,20240411female1left,20240411_female1_left_L5_dob20230320,0002-0750-0470,200,0.773788,3.8999,-1.4501,0,0,39.8,150,236,86,0,0,neither_top_quartile
drg_calcium_sstlineage_ly,drg_calcium_episode_2,2024_04_09_male_left_L6_dob20230530-0428-0268,20240409,20240409,2024_04_09_male_left_L6_dob20230530,0016-0428-0268,200,0.704849,3.8961,-2.5393,0,0,39.8,151,271,120,0,0,neither_top_quartile
drg_calcium_sstlineage_ly,drg_calcium_episode_2,20240411_female1_left_L5_dob20230320-0259-0668,20240411female1left,20240411female1left,20240411_female1_left_L5_dob20230320,0014-0259-0668,200,1.23751,3.8938,-1.8866,0,0,39.8,152,209,57,0,0,neither_top_quartile
drg_calcium_sstlineage_ly,drg_calcium_episode_2,20240410_female_left_L5_dob20230320-0468-0732,20240410femaleleft,20240410femaleleft,20240410_female_left_L5_dob20230320,0012-0468-0732,200,0.707263,3.8871,-2.2335,0,0,39.8,157,190,33,0,0,neither_top_quartile
drg_calcium_sstlineage_ly,drg_calcium_episode_2,20240411_female2_left_L5_dob20230320-0745-0281,20240411female2left,20240411female2left,20240411_female2_left_L5_dob20230320,0001-0745-0281,200,0.637481,3.7248,-1.3347,0,0,39.8,166,256,90,0,0,neither_top_quartile
drg_calcium_sstlineage_ly,drg_calcium_episode_2,20240411_female1_left_L5_dob20230320-0472-0552,20240411female1left,20240411female1left,20240411_female1_left_L5_dob20230320,0001-0472-0552,200,0.510108,3.6807,-1.3606,0,0,39.8,170,217,47,0,0,neither_top_quartile
drg_calcium_sstlineage_ly,drg_calcium_episode_2,2024_04_09_male_left_L6_dob20230530-0419-0311,20240409,20240409,2024_04_09_male_left_L6_dob20230530,0016-0419-0311,200,0.591336,3.6707,-1.8256,0,0,39.8,171,269,98,0,0,neither_top_quartile
drg_calcium_sstlineage_ly,drg_calcium_episode_2,2024_04_09_male_left_L6_dob20230530-0157-0360,20240409,20240409,2024_04_09_male_left_L6_dob20230530,0002-0157-0360,200,0.694297,3.6332,-2.7401,0,0,39.8,174,257,83,0,0,neither_top_quartile
drg_calcium_sstlineage_ly,drg_calcium_episode_2,20240411_female1_left_L5_dob20230320-0561-0545,20240411female1left,20240411female1left,20240411_female1_left_L5_dob20230320,0015-0561-0545,200,0.745214,3.6197,-1.7118,0,0,39.8,175,220,45,0,0,neither_top_quartile
drg_calcium_sstlineage_ly,drg_calcium_episode_2,2024_04_09_male_left_L6_dob20230530-0912-0129,20240409,20240409,2024_04_09_male_left_L6_dob20230530,0013-0912-0129,200,0.740502,3.6166,-1.796,0,0,39.8,176,293,117,0,0,neither_top_quartile
drg_calcium_sstlineage_ly,drg_calcium_episode_2,20240410_female_left_L5_dob20230320-0538-0489,20240410femaleleft,20240410femaleleft,20240410_female_left_L5_dob20230320,0020-0538-0489,200,0.570866,3.6144,-2.4737,0,0,39.8,177,194,17,0,0,neither_top_quartile
drg_calcium_sstlineage_ly,drg_calcium_episode_2,20240411_female2_left_L5_dob20230320-0643-0288,20240411female2left,20240411female2left,20240411_female2_left_L5_dob20230320,0002-0643-0288,200,1.00535,3.5925,-1.5003,0,0,39.8,180,255,75,0,0,neither_top_quartile
drg_calcium_sstlineage_ly,drg_calcium_episode_2,20240411_female1_left_L5_dob20230320-0709-0471,20240411female1left,20240411female1left,20240411_female1_left_L5_dob20230320,0017-0709-0471,200,0.621291,3.5422,-1.7627,0,0,39.8,183,233,50,0,0,neither_top_quartile
drg_calcium_sstlineage_ly,drg_calcium_episode_2,20240410_female_left_L5_dob20230320-0229-0503,20240410femaleleft,20240410femaleleft,20240410_female_left_L5_dob20230320,0012-0229-0503,200,0.760361,3.5017,-2.4622,0,0,39.8,185,184,-1,0,0,neither_top_quartile
drg_calcium_sstlineage_ly,drg_calcium_episode_2,2024_04_09_male_left_L6_dob20230530-0287-0303,20240409,20240409,2024_04_09_male_left_L6_dob20230530,0017-0287-0303,200,1.03148,3.5004,-2.0582,0,0,39.8,186,260,74,0,0,neither_top_quartile
drg_calcium_sstlineage_ly,drg_calcium_episode_2,20240411_female1_left_L5_dob20230320-0508-0549,20240411female1left,20240411female1left,20240411_female1_left_L5_dob20230320,0019-0508-0549,200,0.586868,3.4559,-1.579,0,0,39.8,192,218,26,0,0,neither_top_quartile
drg_calcium_sstlineage_ly,drg_calcium_episode_2,2024_04_09_male_left_L6_dob20230530-0305-0361,20240409,20240409,2024_04_09_male_left_L6_dob20230530,0017-0305-0361,200,0.446613,3.4484,-2.0957,0,0,39.8,194,262,68,0,0,neither_top_quartile
drg_calcium_sstlineage_ly,drg_calcium_episode_2,20240411_female1_left_L5_dob20230320-0664-0460,20240411female1left,20240411female1left,20240411_female1_left_L5_dob20230320,0012-0664-0460,200,0.896019,3.4378,-2.1913,0,0,39.8,195,230,35,0,0,neither_top_quartile
drg_calcium_sstlineage_ly,drg_calcium_episode_2,2024_04_09_male_left_L6_dob20230530-0863-0305,20240409,20240409,2024_04_09_male_left_L6_dob20230530,0002-0863-0305,200,0.522989,3.4185,-1.7884,0,0,39.8,196,291,95,0,0,neither_top_quartile
drg_calcium_sstlineage_ly,drg_calcium_episode_2,2024_04_09_male_left_L6_dob20230530-0561-0214,20240409,20240409,2024_04_09_male_left_L6_dob20230530,0018-0561-0214,200,0.43136,3.2905,-2.6862,0,0,39.8,202,282,80,0,0,neither_top_quartile
drg_calcium_sstlineage_ly,drg_calcium_episode_2,20240411_female1_left_L5_dob20230320-0784-0394,20240411female1left,20240411female1left,20240411_female1_left_L5_dob20230320,0014-0784-0394,200,0.905797,3.2878,-2.7526,0,0,39.8,205,241,36,0,0,neither_top_quartile
drg_calcium_sstlineage_ly,drg_calcium_episode_2,20240410_female_left_L5_dob20230320-0457-0358,20240410femaleleft,20240410femaleleft,20240410_female_left_L5_dob20230320,0002-0457-0358,200,0.507812,3.2758,-2.3687,0,0,39.8,207,189,-18,0,0,neither_top_quartile
drg_calcium_sstlineage_ly,drg_calcium_episode_2,20240411_female1_left_L5_dob20230320-0426-0656,20240411female1left,20240411female1left,20240411_female1_left_L5_dob20230320,0015-0426-0656,200,0.844046,3.2713,-1.2653,0,0,39.8,208,215,7,0,0,neither_top_quartile
drg_calcium_sstlineage_ly,drg_calcium_episode_2,2024_04_09_male_left_L6_dob20230530-0527-0337,20240409,20240409,2024_04_09_male_left_L6_dob20230530,0015-0527-0337,200,0.603503,3.2558,-2.0369,0,0,39.8,210,277,67,0,0,neither_top_quartile
drg_calcium_sstlineage_ly,drg_calcium_episode_2,20240410_female_left_L5_dob20230320-0896-0482,20240410femaleleft,20240410femaleleft,20240410_female_left_L5_dob20230320,0017-0896-0482,200,0.485075,3.2416,-2.7141,0,0,39.8,212,205,-7,0,0,neither_top_quartile
drg_calcium_sstlineage_ly,drg_calcium_episode_2,20240411_female1_left_L5_dob20230320-0627-0161,20240411female1left,20240411female1left,20240411_female1_left_L5_dob20230320,0012-0627-0161,200,0.579969,3.2408,-1.471,0,0,39.8,213,226,13,0,0,neither_top_quartile
drg_calcium_sstlineage_ly,drg_calcium_episode_2,2024_04_09_male_left_L6_dob20230530-0620-0205,20240409,20240409,2024_04_09_male_left_L6_dob20230530,0013-0620-0205,200,0.884917,3.2106,-2.2941,0,0,39.8,216,284,68,0,0,neither_top_quartile
drg_calcium_sstlineage_ly,drg_calcium_episode_2,20240411_female1_left_L5_dob20230320-0858-0082,20240411female1left,20240411female1left,20240411_female1_left_L5_dob20230320,0015-0858-0082,200,0.643666,3.2019,-1.9176,0,0,39.8,217,249,32,0,0,neither_top_quartile
drg_calcium_sstlineage_ly,drg_calcium_episode_2,2024_04_09_male_left_L6_dob20230530-0534-0181,20240409,20240409,2024_04_09_male_left_L6_dob20230530,0013-0534-0181,200,0.251875,3.1778,-2.4524,0,0,39.8,218,278,60,0,0,neither_top_quartile
drg_calcium_sstlineage_ly,drg_calcium_episode_2,20240410_female_left_L5_dob20230320-0497-0425,20240410femaleleft,20240410femaleleft,20240410_female_left_L5_dob20230320,0012-0497-0425,200,0.329684,3.1546,-3.6759,0,0,39.8,220,192,-28,0,0,neither_top_quartile
drg_calcium_sstlineage_ly,drg_calcium_episode_2,2024_04_09_male_left_L6_dob20230530-0302-0312,20240409,20240409,2024_04_09_male_left_L6_dob20230530,0015-0302-0312,200,0.71542,3.1452,-1.8085,0,0,39.8,221,261,40,0,0,neither_top_quartile
drg_calcium_sstlineage_ly,drg_calcium_episode_2,2024_04_09_male_left_L6_dob20230530-0568-0272,20240409,20240409,2024_04_09_male_left_L6_dob20230530,0013-0568-0272,200,0.43177,3.128,-2.4976,0,0,39.8,226,283,57,0,0,neither_top_quartile
drg_calcium_sstlineage_ly,drg_calcium_episode_2,20240411_female1_left_L5_dob20230320-0641-0555,20240411female1left,20240411female1left,20240411_female1_left_L5_dob20230320,0016-0641-0555,200,0.825443,3.0967,-1.9018,0,0,39.8,232,227,-5,0,0,neither_top_quartile
drg_calcium_sstlineage_ly,drg_calcium_episode_2,20240411_female1_left_L5_dob20230320-0409-0622,20240411female1left,20240411female1left,20240411_female1_left_L5_dob20230320,0015-0409-0622,200,0.766259,3.0367,-1.8575,0,0,39.8,235,213,-22,0,0,neither_top_quartile
drg_calcium_sstlineage_ly,drg_calcium_episode_2,20240411_female1_left_L5_dob20230320-0766-0341,20240411female1left,20240411female1left,20240411_female1_left_L5_dob20230320,0017-0766-0341,200,0.704388,3.0354,-1.1441,0,0,39.8,236,239,3,0,0,neither_top_quartile
drg_calcium_sstlineage_ly,drg_calcium_episode_2,20240411_female2_left_L5_dob20230320-0108-0354,20240411female2left,20240411female2left,20240411_female2_left_L5_dob20230320,0002-0108-0354,200,0.528119,3.007,-1.0147,0,0,39.8,237,251,14,0,0,neither_top_quartile
drg_calcium_sstlineage_ly,drg_calcium_episode_2,20240411_female1_left_L5_dob20230320-0212-0659,20240411female1left,20240411female1left,20240411_female1_left_L5_dob20230320,0003-0212-0659,200,0.512661,2.9953,-1.4628,0,0,39.8,240,208,-32,0,0,neither_top_quartile
drg_calcium_sstlineage_ly,drg_calcium_episode_2,20240411_female1_left_L5_dob20230320-0651-0604,20240411female1left,20240411female1left,20240411_female1_left_L5_dob20230320,0014-0651-0604,200,0.689535,2.9819,-1.8359,0,0,39.8,243,229,-14,0,0,neither_top_quartile
drg_calcium_sstlineage_ly,drg_calcium_episode_2,20240411_female1_left_L5_dob20230320-0625-0687,20240411female1left,20240411female1left,20240411_female1_left_L5_dob20230320,0014-0625-0687,200,0.438729,2.9733,-1.6453,0,0,39.8,244,225,-19,0,0,neither_top_quartile
drg_calcium_sstlineage_ly,drg_calcium_episode_2,20240410_female_left_L5_dob20230320-0565-0267,20240410femaleleft,20240410femaleleft,20240410_female_left_L5_dob20230320,0015-0565-0267,200,0.312489,2.9497,-1.8756,0,0,39.8,246,196,-50,0,0,neither_top_quartile
drg_calcium_sstlineage_ly,drg_calcium_episode_2,20240411_female1_left_L5_dob20230320-0669-0197,20240411female1left,20240411female1left,20240411_female1_left_L5_dob20230320,0001-0669-0197,200,0.287549,2.9109,-1.5788,0,0,39.8,249,231,-18,0,0,neither_top_quartile
drg_calcium_sstlineage_ly,drg_calcium_episode_2,20240411_female2_left_L5_dob20230320-0308-0547,20240411female2left,20240411female2left,20240411_female2_left_L5_dob20230320,0001-0308-0547,200,0.43021,2.9074,-1.0861,0,0,39.8,250,252,2,0,0,neither_top_quartile
drg_calcium_sstlineage_ly,drg_calcium_episode_2,2024_04_09_male_left_L6_dob20230530-0970-0430,20240409,20240409,2024_04_09_male_left_L6_dob20230530,0002-0970-0430,200,0.282813,2.9073,-2.8751,0,0,39.8,251,294,43,0,0,neither_top_quartile
drg_calcium_sstlineage_ly,drg_calcium_episode_2,20240411_female1_left_L5_dob20230320-0834-0270,20240411female1left,20240411female1left,20240411_female1_left_L5_dob20230320,0013-0834-0270,200,0.582693,2.905,-1.6236,0,0,39.8,252,247,-5,0,0,neither_top_quartile
drg_calcium_sstlineage_ly,drg_calcium_episode_2,2024_04_09_male_left_L6_dob20230530-0540-0408,20240409,20240409,2024_04_09_male_left_L6_dob20230530,0002-0540-0408,200,0.444542,2.8553,-2.0186,0,0,39.8,256,279,23,0,0,neither_top_quartile
drg_calcium_sstlineage_ly,drg_calcium_episode_2,20240411_female1_left_L5_dob20230320-0748-0718,20240411female1left,20240411female1left,20240411_female1_left_L5_dob20230320,0017-0748-0718,200,0.725762,2.7987,-1.8349,0,0,39.8,262,235,-27,0,0,neither_top_quartile
drg_calcium_sstlineage_ly,drg_calcium_episode_2,20240411_female1_left_L5_dob20230320-0567-0578,20240411female1left,20240411female1left,20240411_female1_left_L5_dob20230320,0014-0567-0578,200,0.397179,2.7486,-1.6413,0,0,39.8,265,222,-43,0,0,neither_top_quartile
drg_calcium_sstlineage_ly,drg_calcium_episode_2,20240411_female1_left_L5_dob20230320-0271-0618,20240411female1left,20240411female1left,20240411_female1_left_L5_dob20230320,0014-0271-0618,200,0.211964,2.6983,-1.811,0,0,39.8,270,210,-60,0,0,neither_top_quartile
drg_calcium_sstlineage_ly,drg_calcium_episode_2,2024_04_09_male_left_L6_dob20230530-0742-0123,20240409,20240409,2024_04_09_male_left_L6_dob20230530,0001-0742-0123,200,0.158233,2.695,-1.5463,0,0,39.8,273,288,15,0,0,neither_top_quartile
drg_calcium_sstlineage_ly,drg_calcium_episode_2,20240411_female1_left_L5_dob20230320-0607-0714,20240411female1left,20240411female1left,20240411_female1_left_L5_dob20230320,0020-0607-0714,200,0.509816,2.6814,-1.8987,0,0,39.8,274,224,-50,0,0,neither_top_quartile
drg_calcium_sstlineage_ly,drg_calcium_episode_2,20240410_female_left_L5_dob20230320-0371-0643,20240410femaleleft,20240410femaleleft,20240410_female_left_L5_dob20230320,0012-0371-0643,200,0.557888,2.676,-1.944,0,0,39.8,277,186,-91,0,0,neither_top_quartile
drg_calcium_sstlineage_ly,drg_calcium_episode_2,20240411_female2_left_L5_dob20230320-0317-0377,20240411female2left,20240411female2left,20240411_female2_left_L5_dob20230320,0002-0317-0377,200,0.465929,2.636,-1.4268,0,0,39.8,278,253,-25,0,0,neither_top_quartile
drg_calcium_sstlineage_ly,drg_calcium_episode_2,20240411_female1_left_L5_dob20230320-0436-0610,20240411female1left,20240411female1left,20240411_female1_left_L5_dob20230320,0015-0436-0610,200,0.458473,2.5984,-2.3729,0,0,39.8,282,216,-66,0,0,neither_top_quartile
drg_calcium_sstlineage_ly,drg_calcium_episode_2,20240411_female1_left_L5_dob20230320-0355-0282,20240411female1left,20240411female1left,20240411_female1_left_L5_dob20230320,0015-0355-0282,200,0.548814,2.5548,-1.3525,0,0,39.8,288,211,-77,0,0,neither_top_quartile
drg_calcium_sstlineage_ly,drg_calcium_episode_2,20240410_female_left_L5_dob20230320-0824-0536,20240410femaleleft,20240410femaleleft,20240410_female_left_L5_dob20230320,0019-0824-0536,200,0.630031,2.5494,-1.3494,0,0,39.8,290,203,-87,0,0,neither_top_quartile
drg_calcium_sstlineage_ly,drg_calcium_episode_2,20240410_female_left_L5_dob20230320-0509-0599,20240410femaleleft,20240410femaleleft,20240410_female_left_L5_dob20230320,0011-0509-0599,200,0.232558,2.523,-2.2065,0,0,39.8,291,193,-98,0,0,neither_top_quartile
drg_calcium_sstlineage_ly,drg_calcium_episode_2,20240411_female1_left_L5_dob20230320-0415-0531,20240411female1left,20240411female1left,20240411_female1_left_L5_dob20230320,0014-0415-0531,200,0.528864,2.5202,-1.9313,0,0,39.8,293,214,-79,0,0,neither_top_quartile
drg_calcium_sstlineage_ly,drg_calcium_episode_2,20240410_female_left_L5_dob20230320-0039-0667,20240410femaleleft,20240410femaleleft,20240410_female_left_L5_dob20230320,0002-0039-0667,200,0.391254,2.5064,-1.3014,0,0,39.8,294,181,-113,0,0,neither_top_quartile
drg_calcium_sstlineage_ly,drg_calcium_episode_2,20240410_female_left_L5_dob20230320-0559-0681,20240410femaleleft,20240410femaleleft,20240410_female_left_L5_dob20230320,0002-0559-0681,200,0.256909,2.5019,-1.7341,0,0,39.8,296,195,-101,0,0,neither_top_quartile
drg_calcium_sstlineage_ly,drg_calcium_episode_2,20240411_female1_left_L5_dob20230320-0777-0489,20240411female1left,20240411female1left,20240411_female1_left_L5_dob20230320,0019-0777-0489,200,0.319306,2.4966,-1.2962,0,0,39.8,297,240,-57,0,0,neither_top_quartile
drg_calcium_sstlineage_ly,drg_calcium_episode_2,20240411_female1_left_L5_dob20230320-0566-0503,20240411female1left,20240411female1left,20240411_female1_left_L5_dob20230320,0012-0566-0503,200,0.259209,2.4713,-1.7984,0,0,39.8,300,221,-79,0,0,neither_top_quartile
drg_calcium_sstlineage_ly,drg_calcium_episode_2,20240410_female_left_L5_dob20230320-0811-0423,20240410femaleleft,20240410femaleleft,20240410_female_left_L5_dob20230320,0011-0811-0423,200,0.239983,2.4657,-1.4036,0,0,39.8,301,201,-100,0,0,neither_top_quartile
drg_calcium_sstlineage_ly,drg_calcium_episode_2,2024_04_09_male_left_L6_dob20230530-0497-0411,20240409,20240409,2024_04_09_male_left_L6_dob20230530,0011-0497-0411,200,0.142337,2.2472,-1.8777,0,0,39.8,313,275,-38,0,0,neither_top_quartile
drg_calcium_sstlineage_ly,drg_calcium_episode_2,20240411_female1_left_L5_dob20230320-0646-0615,20240411female1left,20240411female1left,20240411_female1_left_L5_dob20230320,0011-0646-0615,200,0.26454,2.2269,-2.2444,0,0,39.8,314,228,-86,0,0,neither_top_quartile
drg_calcium_sstlineage_ly,drg_calcium_episode_2,20240411_female1_left_L5_dob20230320-0734-0624,20240411female1left,20240411female1left,20240411_female1_left_L5_dob20230320,0002-0734-0624,200,0.152537,2.2096,-1.5737,0,0,39.8,315,234,-81,0,0,neither_top_quartile
drg_calcium_sstlineage_ly,drg_calcium_episode_2,2024_04_09_male_left_L6_dob20230530-0420-0425,20240409,20240409,2024_04_09_male_left_L6_dob20230530,0011-0420-0425,200,0.146408,2.2088,-2.4141,0,0,39.8,316,270,-46,0,0,neither_top_quartile
drg_calcium_sstlineage_ly,drg_calcium_episode_2,20240411_female1_left_L5_dob20230320-0787-0713,20240411female1left,20240411female1left,20240411_female1_left_L5_dob20230320,0013-0787-0713,200,0.214981,2.2073,-1.6583,0,0,39.8,317,242,-75,0,0,neither_top_quartile
drg_calcium_sstlineage_ly,drg_calcium_episode_2,20240411_female1_left_L5_dob20230320-0540-0636,20240411female1left,20240411female1left,20240411_female1_left_L5_dob20230320,0019-0540-0636,200,0.370416,2.1523,-1.993,0,0,39.8,321,219,-102,0,0,neither_top_quartile
drg_calcium_sstlineage_ly,drg_calcium_episode_2,20240411_female1_left_L5_dob20230320-0574-0624,20240411female1left,20240411female1left,20240411_female1_left_L5_dob20230320,0014-0574-0624,200,0.389503,2.1287,-1.2194,0,0,39.8,322,223,-99,0,0,neither_top_quartile
drg_calcium_sstlineage_ly,drg_calcium_episode_2,20240410_female_left_L5_dob20230320-0740-0596,20240410femaleleft,20240410femaleleft,20240410_female_left_L5_dob20230320,0001-0740-0596,200,0.178717,2.0875,-1.188,0,0,39.8,324,199,-125,0,0,neither_top_quartile
drg_calcium_sstlineage_ly,drg_calcium_episode_2,2024_04_09_male_left_L6_dob20230530-0693-0194,20240409,20240409,2024_04_09_male_left_L6_dob20230530,0017-0693-0194,200,0.143235,1.9782,-2.2531,0,0,39.8,328,287,-41,0,0,neither_top_quartile
drg_calcium_sstlineage_ly,drg_calcium_episode_2,20240410_female_left_L5_dob20230320-0663-0675,20240410femaleleft,20240410femaleleft,20240410_female_left_L5_dob20230320,0012-0663-0675,200,0.295961,1.9565,-1.6294,0,0,39.8,329,198,-131,0,0,neither_top_quartile
drg_calcium_sstlineage_ly,drg_calcium_episode_2,20240411_female1_left_L5_dob20230320-0810-0433,20240411female1left,20240411female1left,20240411_female1_left_L5_dob20230320,0002-0810-0433,200,0.247173,1.8733,-1.3504,0,0,39.8,335,245,-90,0,0,neither_top_quartile
drg_calcium_sstlineage_ly,drg_calcium_episode_2,20240410_female_left_L5_dob20230320-0060-0786,20240410femaleleft,20240410femaleleft,20240410_female_left_L5_dob20230320,0023-0060-0786,200,0.0845874,1.871,-1.801,0,0,39.8,336,182,-154,0,0,neither_top_quartile
drg_calcium_sstlineage_ly,drg_calcium_episode_2,20240410_female_left_L5_dob20230320-0763-0430,20240410femaleleft,20240410femaleleft,20240410_female_left_L5_dob20230320,0012-0763-0430,200,0.258938,1.8452,-1.4481,0,0,39.8,339,200,-139,0,0,neither_top_quartile
drg_calcium_sstlineage_ly,drg_calcium_episode_2,20240410_female_left_L5_dob20230320-0344-0277,20240410femaleleft,20240410femaleleft,20240410_female_left_L5_dob20230320,0002-0344-0277,200,-0.647245,1.8266,-3.1788,0,0,39.8,340,185,-155,0,0,neither_top_quartile
drg_calcium_sstlineage_ly,drg_calcium_episode_2,20240411_female1_left_L5_dob20230320-0144-0687,20240411female1left,20240411female1left,20240411_female1_left_L5_dob20230320,0002-0144-0687,200,0.267509,1.7383,-1.1186,0,0,39.8,344,207,-137,0,0,neither_top_quartile
drg_calcium_sstlineage_ly,drg_calcium_episode_2,20240410_female_left_L5_dob20230320-0849-0316,20240410femaleleft,20240410femaleleft,20240410_female_left_L5_dob20230320,0001-0849-0316,200,-0.166762,1.7122,-1.9914,0,0,39.8,346,204,-142,0,0,neither_top_quartile
drg_calcium_sstlineage_ly,drg_calcium_episode_2,20240411_female1_left_L5_dob20230320-0794-0301,20240411female1left,20240411female1left,20240411_female1_left_L5_dob20230320,0002-0794-0301,200,0.314707,1.6625,-1.1224,0,0,39.8,348,243,-105,0,0,neither_top_quartile
drg_calcium_sstlineage_ly,drg_calcium_episode_2,20240411_female1_left_L5_dob20230320-0976-0282,20240411female1left,20240411female1left,20240411_female1_left_L5_dob20230320,0011-0976-0282,200,0.238607,1.6111,-1.6146,0,0,39.8,351,250,-101,0,0,neither_top_quartile
drg_calcium_sstlineage_ly,drg_calcium_episode_2,2024_04_09_male_left_L6_dob20230530-0388-0358,20240409,20240409,2024_04_09_male_left_L6_dob20230530,0011-0388-0358,200,-0.0756106,1.5058,-1.4396,0,0,39.8,356,267,-89,0,0,neither_top_quartile
drg_calcium_sstlineage_ly,drg_calcium_episode_2,20240411_female1_left_L5_dob20230320-0754-0732,20240411female1left,20240411female1left,20240411_female1_left_L5_dob20230320,0011-0754-0732,200,-0.0815395,1.4398,-1.6479,0,0,39.8,357,238,-119,0,0,neither_top_quartile
drg_calcium_sstlineage_ly,drg_calcium_episode_3,20240411_female1_left_L5_dob20230320-0212-0659,20240411female1left,20240411female1left,20240411_female1_left_L5_dob20230320,0003-0212-0659,200,12.6598,96.2772,-2.0236,0.211055,8.4,39.8,2,15,13,1,1,amplitude_and_residence_top_quartile
drg_calcium_sstlineage_ly,drg_calcium_episode_3,20240411_female1_left_L5_dob20230320-0750-0470,20240411female1left,20240411female1left,20240411_female1_left_L5_dob20230320,0002-0750-0470,200,15.3378,73.6966,-0.96576,0.336683,13.4,39.8,5,8,3,1,1,amplitude_and_residence_top_quartile
drg_calcium_sstlineage_ly,drg_calcium_episode_3,20240410_female_left_L5_dob20230320-1007-0554,20240410femaleleft,20240410femaleleft,20240410_female_left_L5_dob20230320,0013-1007-0554,200,28.1284,70.0289,-2.7934,0.758794,30.2,39.8,7,2,-5,1,1,amplitude_and_residence_top_quartile
drg_calcium_sstlineage_ly,drg_calcium_episode_3,20240410_female_left_L5_dob20230320-0229-0503,20240410femaleleft,20240410femaleleft,20240410_female_left_L5_dob20230320,0012-0229-0503,200,10.4414,66.8693,-2.846,0.241206,9.6,39.8,8,12,4,1,1,amplitude_and_residence_top_quartile
drg_calcium_sstlineage_ly,drg_calcium_episode_3,2024_04_09_male_left_L6_dob20230530-0908-0194,20240409,20240409,2024_04_09_male_left_L6_dob20230530,0013-0908-0194,200,3.96333,65.7505,-2.4097,0.0854271,3.4,39.8,9,24,15,1,1,amplitude_and_residence_top_quartile
drg_calcium_sstlineage_ly,drg_calcium_episode_3,20240411_female1_left_L5_dob20230320-0847-0184,20240411female1left,20240411female1left,20240411_female1_left_L5_dob20230320,0011-0847-0184,200,20.8883,64.5831,-3.0779,0.79397,31.6,39.8,10,1,-9,1,1,amplitude_and_residence_top_quartile
drg_calcium_sstlineage_ly,drg_calcium_episode_3,20240411_female1_left_L5_dob20230320-0627-0161,20240411female1left,20240411female1left,20240411_female1_left_L5_dob20230320,0012-0627-0161,200,6.26329,57.883,-1.8395,0.160804,6.4,39.8,12,16,4,1,1,amplitude_and_residence_top_quartile
drg_calcium_sstlineage_ly,drg_calcium_episode_3,2024_04_09_male_left_L6_dob20230530-0534-0181,20240409,20240409,2024_04_09_male_left_L6_dob20230530,0013-0534-0181,200,3.32802,51.8987,-1.7096,0.0753769,3,39.8,13,27,14,1,1,amplitude_and_residence_top_quartile
drg_calcium_sstlineage_ly,drg_calcium_episode_3,2024_04_09_male_left_L6_dob20230530-0632-0171,20240409,20240409,2024_04_09_male_left_L6_dob20230530,0014-0632-0171,200,2.0669,45.1592,-2.8002,0.0452261,1.8,39.8,14,42,28,1,1,amplitude_and_residence_top_quartile
drg_calcium_sstlineage_ly,drg_calcium_episode_3,20240411_female1_left_L5_dob20230320-0651-0604,20240411female1left,20240411female1left,20240411_female1_left_L5_dob20230320,0014-0651-0604,200,8.65608,42.8328,-2.2981,0.301508,12,39.8,16,9,-7,1,1,amplitude_and_residence_top_quartile
drg_calcium_sstlineage_ly,drg_calcium_episode_3,20240410_female_left_L5_dob20230320-0497-0425,20240410femaleleft,20240410femaleleft,20240410_female_left_L5_dob20230320,0012-0497-0425,200,11.7329,39.9264,-1.8905,0.462312,18.4,39.8,17,4,-13,1,1,amplitude_and_residence_top_quartile
drg_calcium_sstlineage_ly,drg_calcium_episode_3,2024_04_09_male_left_L6_dob20230530-0461-0278,20240409,20240409,2024_04_09_male_left_L6_dob20230530,0013-0461-0278,200,2.62161,39.6654,-1.9406,0.0452261,1.8,39.8,18,41,23,1,1,amplitude_and_residence_top_quartile
drg_calcium_sstlineage_ly,drg_calcium_episode_3,2024_04_09_male_left_L6_dob20230530-0640-0120,20240409,20240409,2024_04_09_male_left_L6_dob20230530,0014-0640-0120,200,2.01023,38.52,-2.4703,0.0351759,1.4,39.8,20,50,30,1,1,amplitude_and_residence_top_quartile
drg_calcium_sstlineage_ly,drg_calcium_episode_3,2024_04_09_male_left_L6_dob20230530-0512-0293,20240409,20240409,2024_04_09_male_left_L6_dob20230530,0020-0512-0293,200,1.34706,38.1204,-4.1335,0.0201005,0.8,39.8,22,65,43,1,1,amplitude_and_residence_top_quartile
drg_calcium_sstlineage_ly,drg_calcium_episode_3,20240411_female1_left_L5_dob20230320-0625-0687,20240411female1left,20240411female1left,20240411_female1_left_L5_dob20230320,0014-0625-0687,200,1.94739,37.8711,-1.0355,0.0301508,1.2,39.8,23,53,30,1,1,amplitude_and_residence_top_quartile
drg_calcium_sstlineage_ly,drg_calcium_episode_3,20240411_female1_left_L5_dob20230320-0787-0713,20240411female1left,20240411female1left,20240411_female1_left_L5_dob20230320,0013-0787-0713,200,1.56159,37.2528,-2.7523,0.0201005,0.8,39.8,24,61,37,1,1,amplitude_and_residence_top_quartile
drg_calcium_sstlineage_ly,drg_calcium_episode_3,2024_04_09_male_left_L6_dob20230530-0568-0272,20240409,20240409,2024_04_09_male_left_L6_dob20230530,0013-0568-0272,200,2.95655,36.282,-2.7915,0.0653266,2.6,39.8,25,32,7,1,1,amplitude_and_residence_top_quartile
drg_calcium_sstlineage_ly,drg_calcium_episode_3,2024_04_09_male_left_L6_dob20230530-0376-0243,20240409,20240409,2024_04_09_male_left_L6_dob20230530,0013-0376-0243,200,2.5754,34.8332,-3.2746,0.0653266,2.6,39.8,26,31,5,1,1,amplitude_and_residence_top_quartile
drg_calcium_sstlineage_ly,drg_calcium_episode_3,20240411_female1_left_L5_dob20230320-0800-0180,20240411female1left,20240411female1left,20240411_female1_left_L5_dob20230320,0014-0800-0180,200,2.4217,33.6282,-2.4142,0.0653266,2.6,39.8,27,29,2,1,1,amplitude_and_residence_top_quartile
drg_calcium_sstlineage_ly,drg_calcium_episode_3,2024_04_09_male_left_L6_dob20230530-0337-0239,20240409,20240409,2024_04_09_male_left_L6_dob20230530,0013-0337-0239,200,2.98109,32.9029,-2.5253,0.0753769,3,39.8,28,28,0,1,1,amplitude_and_residence_top_quartile
drg_calcium_sstlineage_ly,drg_calcium_episode_3,20240411_female1_left_L5_dob20230320-0834-0270,20240411female1left,20240411female1left,20240411_female1_left_L5_dob20230320,0013-0834-0270,200,2.89133,31.9361,-1.6754,0.0954774,3.8,39.8,29,22,-7,1,1,amplitude_and_residence_top_quartile
drg_calcium_sstlineage_ly,drg_calcium_episode_3,2024_04_09_male_left_L6_dob20230530-0442-0199,20240409,20240409,2024_04_09_male_left_L6_dob20230530,0017-0442-0199,200,1.93039,30.8317,-2.5389,0.0251256,1,39.8,31,59,28,1,1,amplitude_and_residence_top_quartile
drg_calcium_sstlineage_ly,drg_calcium_episode_3,2024_04_09_male_left_L6_dob20230530-0843-0229,20240409,20240409,2024_04_09_male_left_L6_dob20230530,0014-0843-0229,200,2.153,30.2701,-1.3906,0.0201005,0.8,39.8,32,66,34,1,1,amplitude_and_residence_top_quartile
drg_calcium_sstlineage_ly,drg_calcium_episode_3,2024_04_09_male_left_L6_dob20230530-0693-0194,20240409,20240409,2024_04_09_male_left_L6_dob20230530,0017-0693-0194,200,0.941597,29.793,-2.3561,0.0201005,0.8,39.8,33,62,29,1,1,amplitude_and_residence_top_quartile
drg_calcium_sstlineage_ly,drg_calcium_episode_3,2024_04_09_male_left_L6_dob20230530-0302-0312,20240409,20240409,2024_04_09_male_left_L6_dob20230530,0015-0302-0312,200,1.57915,29.5182,-2.5535,0.0301508,1.2,39.8,34,56,22,1,1,amplitude_and_residence_top_quartile
drg_calcium_sstlineage_ly,drg_calcium_episode_3,2024_04_09_male_left_L6_dob20230530-0260-0278,20240409,20240409,2024_04_09_male_left_L6_dob20230530,0016-0260-0278,200,2.7841,29.0151,-5.3815,0.080402,3.2,39.8,35,25,-10,1,1,amplitude_and_residence_top_quartile
drg_calcium_sstlineage_ly,drg_calcium_episode_3,20240411_female1_left_L5_dob20230320-0259-0668,20240411female1left,20240411female1left,20240411_female1_left_L5_dob20230320,0014-0259-0668,200,1.93612,28.282,-1.6631,0.0603015,2.4,39.8,36,34,-2,1,1,amplitude_and_residence_top_quartile
drg_calcium_sstlineage_ly,drg_calcium_episode_3,2024_04_09_male_left_L6_dob20230530-0401-0246,20240409,20240409,2024_04_09_male_left_L6_dob20230530,0017-0401-0246,200,1.61177,28.14,-3.7476,0.0201005,0.8,39.8,37,64,27,1,1,amplitude_and_residence_top_quartile
drg_calcium_sstlineage_ly,drg_calcium_episode_3,2024_04_09_male_left_L6_dob20230530-0381-0293,20240409,20240409,2024_04_09_male_left_L6_dob20230530,0017-0381-0293,200,1.47652,27.8508,-2.1997,0.040201,1.6,39.8,38,44,6,1,1,amplitude_and_residence_top_quartile
drg_calcium_sstlineage_ly,drg_calcium_episode_3,20240410_female_left_L5_dob20230320-0453-0697,20240410femaleleft,20240410femaleleft,20240410_female_left_L5_dob20230320,0015-0453-0697,200,2.55845,27.6086,-1.4718,0.0753769,3,39.8,39,26,-13,1,1,amplitude_and_residence_top_quartile
drg_calcium_sstlineage_ly,drg_calcium_episode_3,20240411_female1_left_L5_dob20230320-0784-0394,20240411female1left,20240411female1left,20240411_female1_left_L5_dob20230320,0014-0784-0394,200,1.9226,27.2668,-2.1328,0.0653266,2.6,39.8,40,30,-10,1,1,amplitude_and_residence_top_quartile
drg_calcium_sstlineage_ly,drg_calcium_episode_3,2024_04_09_male_left_L6_dob20230530-0527-0337,20240409,20240409,2024_04_09_male_left_L6_dob20230530,0015-0527-0337,200,1.49012,27.1143,-2.1842,0.040201,1.6,39.8,41,46,5,1,1,amplitude_and_residence_top_quartile
drg_calcium_sstlineage_ly,drg_calcium_episode_3,20240411_female1_left_L5_dob20230320-0144-0687,20240411female1left,20240411female1left,20240411_female1_left_L5_dob20230320,0002-0144-0687,200,7.49493,27.0494,-1.1903,0.356784,14.2,39.8,42,6,-36,1,1,amplitude_and_residence_top_quartile
drg_calcium_sstlineage_ly,drg_calcium_episode_3,2024_04_09_male_left_L6_dob20230530-0501-0310,20240409,20240409,2024_04_09_male_left_L6_dob20230530,0018-0501-0310,200,2.32295,26.7031,-3.8508,0.0502513,2,39.8,43,37,-6,1,1,amplitude_and_residence_top_quartile
drg_calcium_sstlineage_ly,drg_calcium_episode_3,2024_04_09_male_left_L6_dob20230530-0561-0214,20240409,20240409,2024_04_09_male_left_L6_dob20230530,0018-0561-0214,200,1.70602,26.38,-2.325,0.0251256,1,39.8,44,57,13,1,1,amplitude_and_residence_top_quartile
drg_calcium_sstlineage_ly,drg_calcium_episode_3,2024_04_09_male_left_L6_dob20230530-0912-0129,20240409,20240409,2024_04_09_male_left_L6_dob20230530,0013-0912-0129,200,2.91558,26.3354,-2.1611,0.105528,4.2,39.8,45,20,-25,1,1,amplitude_and_residence_top_quartile
drg_calcium_sstlineage_ly,drg_calcium_episode_3,20240411_female1_left_L5_dob20230320-0646-0615,20240411female1left,20240411female1left,20240411_female1_left_L5_dob20230320,0011-0646-0615,200,7.9398,25.6392,-1.8632,0.346734,13.8,39.8,47,7,-40,1,1,amplitude_and_residence_top_quartile
drg_calcium_sstlineage_ly,drg_calcium_episode_3,20240411_female1_left_L5_dob20230320-0664-0460,20240411female1left,20240411female1left,20240411_female1_left_L5_dob20230320,0012-0664-0460,200,3.2937,25.5734,-1.9097,0.115578,4.6,39.8,48,19,-29,1,1,amplitude_and_residence_top_quartile
drg_calcium_sstlineage_ly,drg_calcium_episode_3,20240411_female1_left_L5_dob20230320-0415-0531,20240411female1left,20240411female1left,20240411_female1_left_L5_dob20230320,0014-0415-0531,200,2.20242,24.8364,-1.3755,0.0603015,2.4,39.8,51,36,-15,1,1,amplitude_and_residence_top_quartile
drg_calcium_sstlineage_ly,drg_calcium_episode_3,20240410_female_left_L5_dob20230320-0468-0732,20240410femaleleft,20240410femaleleft,20240410_female_left_L5_dob20230320,0012-0468-0732,200,2.425,24.4918,-1.712,0.0603015,2.4,39.8,52,33,-19,1,1,amplitude_and_residence_top_quartile
drg_calcium_sstlineage_ly,drg_calcium_episode_3,20240411_female1_left_L5_dob20230320-0271-0618,20240411female1left,20240411female1left,20240411_female1_left_L5_dob20230320,0014-0271-0618,200,1.45266,24.2365,-2.1541,0.0502513,2,39.8,53,38,-15,1,1,amplitude_and_residence_top_quartile
drg_calcium_sstlineage_ly,drg_calcium_episode_3,20240411_female1_left_L5_dob20230320-0567-0578,20240411female1left,20240411female1left,20240411_female1_left_L5_dob20230320,0014-0567-0578,200,1.10939,23.9341,-1.9066,0.0351759,1.4,39.8,54,48,-6,1,1,amplitude_and_residence_top_quartile
drg_calcium_sstlineage_ly,drg_calcium_episode_3,20240410_female_left_L5_dob20230320-0819-0574,20240410femaleleft,20240410femaleleft,20240410_female_left_L5_dob20230320,0020-0819-0574,200,4.41194,23.2017,-3.1769,0.21608,8.6,39.8,55,14,-41,1,1,amplitude_and_residence_top_quartile
drg_calcium_sstlineage_ly,drg_calcium_episode_3,2024_04_09_male_left_L6_dob20230530-0496-0448,20240409,20240409,2024_04_09_male_left_L6_dob20230530,0014-0496-0448,200,3.03861,22.6729,-2.6298,0.115578,4.6,39.8,57,18,-39,1,1,amplitude_and_residence_top_quartile
drg_calcium_sstlineage_ly,drg_calcium_episode_3,20240411_female1_left_L5_dob20230320-0566-0503,20240411female1left,20240411female1left,20240411_female1_left_L5_dob20230320,0012-0566-0503,200,2.50978,21.7649,-1.832,0.0954774,3.8,39.8,58,23,-35,1,1,amplitude_and_residence_top_quartile
drg_calcium_sstlineage_ly,drg_calcium_episode_3,2024_04_09_male_left_L6_dob20230530-0555-0300,20240409,20240409,2024_04_09_male_left_L6_dob20230530,0015-0555-0300,200,1.49636,21.5148,-3.1814,0.0351759,1.4,39.8,59,49,-10,1,1,amplitude_and_residence_top_quartile
drg_calcium_sstlineage_ly,drg_calcium_episode_3,2024_04_09_male_left_L6_dob20230530-0209-0290,20240409,20240409,2024_04_09_male_left_L6_dob20230530,0020-0209-0290,200,1.63273,19.5003,-2.2298,0.0201005,0.8,39.8,60,63,3,1,1,amplitude_and_residence_top_quartile
drg_calcium_sstlineage_ly,drg_calcium_episode_3,2024_04_09_male_left_L6_dob20230530-0362-0416,20240409,20240409,2024_04_09_male_left_L6_dob20230530,0020-0362-0416,200,1.71936,19.3245,-2.4701,0.040201,1.6,39.8,61,47,-14,1,1,amplitude_and_residence_top_quartile
drg_calcium_sstlineage_ly,drg_calcium_episode_3,2024_04_09_male_left_L6_dob20230530-0287-0303,20240409,20240409,2024_04_09_male_left_L6_dob20230530,0017-0287-0303,200,0.963095,18.5964,-4.0811,0.0150754,0.6,39.8,62,69,7,1,1,amplitude_and_residence_top_quartile
drg_calcium_sstlineage_ly,drg_calcium_episode_3,20240410_female_left_L5_dob20230320-0763-0430,20240410femaleleft,20240410femaleleft,20240410_female_left_L5_dob20230320,0012-0763-0430,200,2.55624,17.9884,-1.9936,0.0452261,1.8,39.8,64,40,-24,1,1,amplitude_and_residence_top_quartile
drg_calcium_sstlineage_ly,drg_calcium_episode_3,20240411_female1_left_L5_dob20230320-0658-0636,20240411female1left,20240411female1left,20240411_female1_left_L5_dob20230320,0010-0658-0636,200,0.511581,17.445,-3.544,0.0150754,0.6,39.8,65,70,5,1,1,amplitude_and_residence_top_quartile
drg_calcium_sstlineage_ly,drg_calcium_episode_3,20240410_female_left_L5_dob20230320-0589-0715,20240410femaleleft,20240410femaleleft,20240410_female_left_L5_dob20230320,0019-0589-0715,200,1.81245,16.5549,-1.8221,0.040201,1.6,39.8,66,45,-21,1,1,amplitude_and_residence_top_quartile
drg_calcium_sstlineage_ly,drg_calcium_episode_3,20240411_female1_left_L5_dob20230320-0574-0624,20240411female1left,20240411female1left,20240411_female1_left_L5_dob20230320,0014-0574-0624,200,1.81538,15.0592,-1.7777,0.0603015,2.4,39.8,69,35,-34,1,1,amplitude_and_residence_top_quartile
drg_calcium_sstlineage_ly,drg_calcium_episode_3,20240411_female1_left_L5_dob20230320-0976-0282,20240411female1left,20240411female1left,20240411_female1_left_L5_dob20230320,0011-0976-0282,200,3.67986,14.3979,-1.0706,0.0452261,1.8,39.8,70,39,-31,1,1,amplitude_and_residence_top_quartile
drg_calcium_sstlineage_ly,drg_calcium_episode_3,20240411_female1_left_L5_dob20230320-0819-0337,20240411female1left,20240411female1left,20240411_female1_left_L5_dob20230320,0008-0819-0337,200,1.6449,7.1754,-1.6336,0,0,39.8,79,338,259,1,0,amplitude_only_top_quartile
drg_calcium_sstlineage_ly,drg_calcium_episode_3,2024_04_09_male_left_L6_dob20230530-0454-0198,20240409,20240409,2024_04_09_male_left_L6_dob20230530,0018-0454-0198,200,1.27894,7.0952,-2.077,0,0,39.8,80,352,272,1,0,amplitude_only_top_quartile
drg_calcium_sstlineage_ly,drg_calcium_episode_3,20240411_female2_left_L5_dob20230320-0524-0444,20240411female2left,20240411female2left,20240411_female2_left_L5_dob20230320,0002-0524-0444,200,2.42896,6.9568,-0.9886,0,0,39.8,81,343,262,1,0,amplitude_only_top_quartile
drg_calcium_sstlineage_ly,drg_calcium_episode_3,2024_04_09_male_left_L6_dob20230530-0742-0123,20240409,20240409,2024_04_09_male_left_L6_dob20230530,0001-0742-0123,200,0.445936,6.8546,-2.7076,0,0,39.8,82,357,275,1,0,amplitude_only_top_quartile
drg_calcium_sstlineage_ly,drg_calcium_episode_3,2024_04_09_male_left_L6_dob20230530-0388-0358,20240409,20240409,2024_04_09_male_left_L6_dob20230530,0011-0388-0358,200,0.323093,5.7658,-1.1456,0,0,39.8,87,348,261,1,0,amplitude_only_top_quartile
drg_calcium_sstlineage_ly,drg_calcium_episode_3,2024_04_09_male_left_L6_dob20230530-0620-0205,20240409,20240409,2024_04_09_male_left_L6_dob20230530,0013-0620-0205,200,1.26474,5.5801,-2.0117,0,0,39.8,92,356,264,0,0,neither_top_quartile
drg_calcium_sstlineage_ly,drg_calcium_episode_3,20240411_female2_left_L5_dob20230320-0745-0281,20240411female2left,20240411female2left,20240411_female2_left_L5_dob20230320,0001-0745-0281,200,0.658649,5.0244,-1.213,0,0,39.8,97,345,248,0,0,neither_top_quartile
drg_calcium_sstlineage_ly,drg_calcium_episode_3,20240411_female1_left_L5_dob20230320-0709-0471,20240411female1left,20240411female1left,20240411_female1_left_L5_dob20230320,0017-0709-0471,200,1.07381,4.9738,-1.815,0,0,39.8,100,329,229,0,0,neither_top_quartile
drg_calcium_sstlineage_ly,drg_calcium_episode_3,20240411_female1_left_L5_dob20230320-0689-0662,20240411female1left,20240411female1left,20240411_female1_left_L5_dob20230320,0015-0689-0662,200,1.11205,4.6807,-1.8953,0,0,39.8,111,327,216,0,0,neither_top_quartile
drg_calcium_sstlineage_ly,drg_calcium_episode_3,20240410_female_left_L5_dob20230320-0371-0643,20240410femaleleft,20240410femaleleft,20240410_female_left_L5_dob20230320,0012-0371-0643,200,0.966085,4.5536,-2.041,0,0,39.8,113,299,186,0,0,neither_top_quartile
drg_calcium_sstlineage_ly,drg_calcium_episode_3,20240410_female_left_L5_dob20230320-0385-0789,20240410femaleleft,20240410femaleleft,20240410_female_left_L5_dob20230320,0018-0385-0789,200,0.850876,4.4775,-1.9694,0,0,39.8,116,300,184,0,0,neither_top_quartile
drg_calcium_sstlineage_ly,drg_calcium_episode_3,20240410_female_left_L5_dob20230320-0490-0695,20240410femaleleft,20240410femaleleft,20240410_female_left_L5_dob20230320,0020-0490-0695,200,0.983145,4.4319,-2.3648,0,0,39.8,121,302,181,0,0,neither_top_quartile
drg_calcium_sstlineage_ly,drg_calcium_episode_3,20240410_female_left_L5_dob20230320-0663-0675,20240410femaleleft,20240410femaleleft,20240410_female_left_L5_dob20230320,0012-0663-0675,200,1.00252,4.4069,-1.7698,0,0,39.8,123,309,186,0,0,neither_top_quartile
drg_calcium_sstlineage_ly,drg_calcium_episode_3,20240411_female1_left_L5_dob20230320-0752-0319,20240411female1left,20240411female1left,20240411_female1_left_L5_dob20230320,0021-0752-0319,200,0.946061,4.3444,-3.1592,0,0,39.8,125,332,207,0,0,neither_top_quartile
drg_calcium_sstlineage_ly,drg_calcium_episode_3,2024_04_09_male_left_L6_dob20230530-0428-0268,20240409,20240409,2024_04_09_male_left_L6_dob20230530,0016-0428-0268,200,0.755634,4.2333,-2.1829,0,0,39.8,130,351,221,0,0,neither_top_quartile
drg_calcium_sstlineage_ly,drg_calcium_episode_3,20240411_female1_left_L5_dob20230320-0409-0622,20240411female1left,20240411female1left,20240411_female1_left_L5_dob20230320,0015-0409-0622,200,0.726619,4.1169,-1.6822,0,0,39.8,133,317,184,0,0,neither_top_quartile
drg_calcium_sstlineage_ly,drg_calcium_episode_3,2024_04_09_male_left_L6_dob20230530-0541-0201,20240409,20240409,2024_04_09_male_left_L6_dob20230530,0020-0541-0201,200,0.654255,4.1124,-2.6227,0,0,39.8,135,355,220,0,0,neither_top_quartile
drg_calcium_sstlineage_ly,drg_calcium_episode_3,20240410_female_left_L5_dob20230320-0142-0716,20240410femaleleft,20240410femaleleft,20240410_female_left_L5_dob20230320,0020-0142-0716,200,0.690496,4.1093,-2.4686,0,0,39.8,137,297,160,0,0,neither_top_quartile
drg_calcium_sstlineage_ly,drg_calcium_episode_3,20240410_female_left_L5_dob20230320-0599-0678,20240410femaleleft,20240410femaleleft,20240410_female_left_L5_dob20230320,0018-0599-0678,200,0.500776,4.0135,-2.0369,0,0,39.8,143,308,165,0,0,neither_top_quartile
drg_calcium_sstlineage_ly,drg_calcium_episode_3,20240411_female1_left_L5_dob20230320-0408-0588,20240411female1left,20240411female1left,20240411_female1_left_L5_dob20230320,0015-0408-0588,200,1.14567,3.9119,-1.833,0,0,39.8,149,316,167,0,0,neither_top_quartile
drg_calcium_sstlineage_ly,drg_calcium_episode_3,20240411_female2_left_L5_dob20230320-0317-0377,20240411female2left,20240411female2left,20240411_female2_left_L5_dob20230320,0002-0317-0377,200,0.52054,3.8908,-1.3851,0,0,39.8,154,342,188,0,0,neither_top_quartile
drg_calcium_sstlineage_ly,drg_calcium_episode_3,2024_04_09_male_left_L6_dob20230530-0419-0311,20240409,20240409,2024_04_09_male_left_L6_dob20230530,0016-0419-0311,200,0.843765,3.8902,-1.9422,0,0,39.8,155,349,194,0,0,neither_top_quartile
drg_calcium_sstlineage_ly,drg_calcium_episode_3,20240411_female1_left_L5_dob20230320-0561-0545,20240411female1left,20240411female1left,20240411_female1_left_L5_dob20230320,0015-0561-0545,200,0.85215,3.8461,-1.9145,0,0,39.8,159,323,164,0,0,neither_top_quartile
drg_calcium_sstlineage_ly,drg_calcium_episode_3,20240411_female1_left_L5_dob20230320-0508-0549,20240411female1left,20240411female1left,20240411_female1_left_L5_dob20230320,0019-0508-0549,200,1.16064,3.82,-1.2984,0,0,39.8,160,321,161,0,0,neither_top_quartile
drg_calcium_sstlineage_ly,drg_calcium_episode_3,2024_04_09_male_left_L6_dob20230530-0157-0360,20240409,20240409,2024_04_09_male_left_L6_dob20230530,0002-0157-0360,200,0.637559,3.8128,-2.7485,0,0,39.8,162,346,184,0,0,neither_top_quartile
drg_calcium_sstlineage_ly,drg_calcium_episode_3,20240411_female2_left_L5_dob20230320-0308-0547,20240411female2left,20240411female2left,20240411_female2_left_L5_dob20230320,0001-0308-0547,200,0.539881,3.7937,-1.3638,0,0,39.8,163,341,178,0,0,neither_top_quartile
drg_calcium_sstlineage_ly,drg_calcium_episode_3,20240410_female_left_L5_dob20230320-0538-0489,20240410femaleleft,20240410femaleleft,20240410_female_left_L5_dob20230320,0020-0538-0489,200,0.745125,3.7753,-2.9014,0,0,39.8,164,305,141,0,0,neither_top_quartile
drg_calcium_sstlineage_ly,drg_calcium_episode_3,20240410_female_left_L5_dob20230320-0457-0358,20240410femaleleft,20240410femaleleft,20240410_female_left_L5_dob20230320,0002-0457-0358,200,0.779154,3.6443,-1.7187,0,0,39.8,173,301,128,0,0,neither_top_quartile
drg_calcium_sstlineage_ly,drg_calcium_episode_3,20240411_female2_left_L5_dob20230320-0643-0288,20240411female2left,20240411female2left,20240411_female2_left_L5_dob20230320,0002-0643-0288,200,0.575444,3.486,-2.5086,0,0,39.8,187,344,157,0,0,neither_top_quartile
drg_calcium_sstlineage_ly,drg_calcium_episode_3,20240410_female_left_L5_dob20230320-0811-0423,20240410femaleleft,20240410femaleleft,20240410_female_left_L5_dob20230320,0011-0811-0423,200,0.486897,3.4769,-1.3089,0,0,39.8,190,311,121,0,0,neither_top_quartile
drg_calcium_sstlineage_ly,drg_calcium_episode_3,20240411_female1_left_L5_dob20230320-0794-0301,20240411female1left,20240411female1left,20240411_female1_left_L5_dob20230320,0002-0794-0301,200,0.674929,3.3814,-1.0778,0,0,39.8,197,336,139,0,0,neither_top_quartile
drg_calcium_sstlineage_ly,drg_calcium_episode_3,20240411_female1_left_L5_dob20230320-0858-0082,20240411female1left,20240411female1left,20240411_female1_left_L5_dob20230320,0015-0858-0082,200,0.557793,3.3066,-1.6885,0,0,39.8,199,339,140,0,0,neither_top_quartile
drg_calcium_sstlineage_ly,drg_calcium_episode_3,20240411_female1_left_L5_dob20230320-0748-0718,20240411female1left,20240411female1left,20240411_female1_left_L5_dob20230320,0017-0748-0718,200,0.667372,3.2871,-1.4377,0,0,39.8,206,331,125,0,0,neither_top_quartile
drg_calcium_sstlineage_ly,drg_calcium_episode_3,20240411_female1_left_L5_dob20230320-0641-0555,20240411female1left,20240411female1left,20240411_female1_left_L5_dob20230320,0016-0641-0555,200,0.813855,3.2336,-1.6924,0,0,39.8,214,325,111,0,0,neither_top_quartile
drg_calcium_sstlineage_ly,drg_calcium_episode_3,20240410_female_left_L5_dob20230320-0344-0277,20240410femaleleft,20240410femaleleft,20240410_female_left_L5_dob20230320,0002-0344-0277,200,1.38666,3.1315,-1.7016,0,0,39.8,225,298,73,0,0,neither_top_quartile
drg_calcium_sstlineage_ly,drg_calcium_episode_3,20240411_female1_left_L5_dob20230320-0426-0656,20240411female1left,20240411female1left,20240411_female1_left_L5_dob20230320,0015-0426-0656,200,0.726417,3.1223,-1.1432,0,0,39.8,228,318,90,0,0,neither_top_quartile
drg_calcium_sstlineage_ly,drg_calcium_episode_3,2024_04_09_male_left_L6_dob20230530-0828-0247,20240409,20240409,2024_04_09_male_left_L6_dob20230530,0013-0828-0247,200,0.696318,3.1033,-2.0627,0,0,39.8,231,358,127,0,0,neither_top_quartile
drg_calcium_sstlineage_ly,drg_calcium_episode_3,20240411_female1_left_L5_dob20230320-0669-0197,20240411female1left,20240411female1left,20240411_female1_left_L5_dob20230320,0001-0669-0197,200,0.597432,3.0777,-1.2742,0,0,39.8,233,326,93,0,0,neither_top_quartile
drg_calcium_sstlineage_ly,drg_calcium_episode_3,2024_04_09_male_left_L6_dob20230530-0863-0305,20240409,20240409,2024_04_09_male_left_L6_dob20230530,0002-0863-0305,200,0.184143,3.0619,-2.2705,0,0,39.8,234,359,125,0,0,neither_top_quartile
drg_calcium_sstlineage_ly,drg_calcium_episode_3,20240411_female1_left_L5_dob20230320-0777-0489,20240411female1left,20240411female1left,20240411_female1_left_L5_dob20230320,0019-0777-0489,200,0.993227,3.0067,-1.2785,0,0,39.8,238,335,97,0,0,neither_top_quartile
drg_calcium_sstlineage_ly,drg_calcium_episode_3,20240410_female_left_L5_dob20230320-0740-0596,20240410femaleleft,20240410femaleleft,20240410_female_left_L5_dob20230320,0001-0740-0596,200,0.556075,2.982,-1.4245,0,0,39.8,242,310,68,0,0,neither_top_quartile
drg_calcium_sstlineage_ly,drg_calcium_episode_3,20240410_female_left_L5_dob20230320-0896-0482,20240410femaleleft,20240410femaleleft,20240410_female_left_L5_dob20230320,0017-0896-0482,200,0.142029,2.9556,-2.8389,0,0,39.8,245,314,69,0,0,neither_top_quartile
drg_calcium_sstlineage_ly,drg_calcium_episode_3,20240411_female1_left_L5_dob20230320-0540-0636,20240411female1left,20240411female1left,20240411_female1_left_L5_dob20230320,0019-0540-0636,200,0.844348,2.9345,-1.6078,0,0,39.8,248,322,74,0,0,neither_top_quartile
drg_calcium_sstlineage_ly,drg_calcium_episode_3,20240411_female1_left_L5_dob20230320-0436-0610,20240411female1left,20240411female1left,20240411_female1_left_L5_dob20230320,0015-0436-0610,200,0.632163,2.8711,-2.2479,0,0,39.8,254,319,65,0,0,neither_top_quartile
drg_calcium_sstlineage_ly,drg_calcium_episode_3,20240410_female_left_L5_dob20230320-0824-0536,20240410femaleleft,20240410femaleleft,20240410_female_left_L5_dob20230320,0019-0824-0536,200,0.163783,2.866,-2.067,0,0,39.8,255,312,57,0,0,neither_top_quartile
drg_calcium_sstlineage_ly,drg_calcium_episode_3,2024_04_09_male_left_L6_dob20230530-0970-0430,20240409,20240409,2024_04_09_male_left_L6_dob20230530,0002-0970-0430,200,0.0518022,2.8177,-2.3191,0,0,39.8,261,360,99,0,0,neither_top_quartile
drg_calcium_sstlineage_ly,drg_calcium_episode_3,2024_04_09_male_left_L6_dob20230530-0305-0361,20240409,20240409,2024_04_09_male_left_L6_dob20230530,0017-0305-0361,200,0.473134,2.7198,-2.2722,0,0,39.8,268,347,79,0,0,neither_top_quartile
drg_calcium_sstlineage_ly,drg_calcium_episode_3,20240411_female1_left_L5_dob20230320-0766-0341,20240411female1left,20240411female1left,20240411_female1_left_L5_dob20230320,0017-0766-0341,200,0.510202,2.6962,-1.5275,0,0,39.8,272,334,62,0,0,neither_top_quartile
drg_calcium_sstlineage_ly,drg_calcium_episode_3,20240411_female1_left_L5_dob20230320-0607-0714,20240411female1left,20240411female1left,20240411_female1_left_L5_dob20230320,0020-0607-0714,200,0.4991,2.6794,-1.7279,0,0,39.8,276,324,48,0,0,neither_top_quartile
drg_calcium_sstlineage_ly,drg_calcium_episode_3,2024_04_09_male_left_L6_dob20230530-0420-0425,20240409,20240409,2024_04_09_male_left_L6_dob20230530,0011-0420-0425,200,0.271789,2.5904,-2.1715,0,0,39.8,283,350,67,0,0,neither_top_quartile
drg_calcium_sstlineage_ly,drg_calcium_episode_3,20240411_female1_left_L5_dob20230320-0355-0282,20240411female1left,20240411female1left,20240411_female1_left_L5_dob20230320,0015-0355-0282,200,0.538485,2.4848,-2.6632,0,0,39.8,299,315,16,0,0,neither_top_quartile
drg_calcium_sstlineage_ly,drg_calcium_episode_3,20240411_female1_left_L5_dob20230320-0472-0552,20240411female1left,20240411female1left,20240411_female1_left_L5_dob20230320,0001-0472-0552,200,0.423222,2.3702,-1.5376,0,0,39.8,308,320,12,0,0,neither_top_quartile
drg_calcium_sstlineage_ly,drg_calcium_episode_3,2024_04_09_male_left_L6_dob20230530-0540-0408,20240409,20240409,2024_04_09_male_left_L6_dob20230530,0002-0540-0408,200,4.19005e-05,2.3162,-2.1437,0,0,39.8,309,354,45,0,0,neither_top_quartile
drg_calcium_sstlineage_ly,drg_calcium_episode_3,2024_04_09_male_left_L6_dob20230530-0497-0411,20240409,20240409,2024_04_09_male_left_L6_dob20230530,0011-0497-0411,200,0.327513,2.2,-1.5261,0,0,39.8,318,353,35,0,0,neither_top_quartile
drg_calcium_sstlineage_ly,drg_calcium_episode_3,20240411_female1_left_L5_dob20230320-0695-0173,20240411female1left,20240411female1left,20240411_female1_left_L5_dob20230320,0001-0695-0173,200,0.156819,2.1556,-1.3543,0,0,39.8,320,328,8,0,0,neither_top_quartile
drg_calcium_sstlineage_ly,drg_calcium_episode_3,20240410_female_left_L5_dob20230320-0849-0316,20240410femaleleft,20240410femaleleft,20240410_female_left_L5_dob20230320,0001-0849-0316,200,0.173989,2.0253,-1.967,0,0,39.8,326,313,-13,0,0,neither_top_quartile
drg_calcium_sstlineage_ly,drg_calcium_episode_3,20240410_female_left_L5_dob20230320-0528-0780,20240410femaleleft,20240410femaleleft,20240410_female_left_L5_dob20230320,0002-0528-0780,200,0.0650816,1.9945,-1.9752,0,0,39.8,327,304,-23,0,0,neither_top_quartile
drg_calcium_sstlineage_ly,drg_calcium_episode_3,20240411_female1_left_L5_dob20230320-0754-0732,20240411female1left,20240411female1left,20240411_female1_left_L5_dob20230320,0011-0754-0732,200,0.231903,1.9111,-1.2692,0,0,39.8,333,333,0,0,0,neither_top_quartile
drg_calcium_sstlineage_ly,drg_calcium_episode_3,20240411_female2_left_L5_dob20230320-0108-0354,20240411female2left,20240411female2left,20240411_female2_left_L5_dob20230320,0002-0108-0354,200,0.0991537,1.8801,-1.8208,0,0,39.8,334,340,6,0,0,neither_top_quartile
drg_calcium_sstlineage_ly,drg_calcium_episode_3,20240410_female_left_L5_dob20230320-0565-0267,20240410femaleleft,20240410femaleleft,20240410_female_left_L5_dob20230320,0015-0565-0267,200,-0.572438,1.8667,-3.201,0,0,39.8,337,307,-30,0,0,neither_top_quartile
drg_calcium_sstlineage_ly,drg_calcium_episode_3,20240410_female_left_L5_dob20230320-0039-0667,20240410femaleleft,20240410femaleleft,20240410_female_left_L5_dob20230320,0002-0039-0667,200,0.137073,1.8605,-1.2478,0,0,39.8,338,295,-43,0,0,neither_top_quartile
drg_calcium_sstlineage_ly,drg_calcium_episode_3,20240410_female_left_L5_dob20230320-0060-0786,20240410femaleleft,20240410femaleleft,20240410_female_left_L5_dob20230320,0023-0060-0786,200,-0.10402,1.8196,-2.0426,0,0,39.8,341,296,-45,0,0,neither_top_quartile
drg_calcium_sstlineage_ly,drg_calcium_episode_3,20240410_female_left_L5_dob20230320-0509-0599,20240410femaleleft,20240410femaleleft,20240410_female_left_L5_dob20230320,0011-0509-0599,200,0.303676,1.8149,-2.0855,0,0,39.8,342,303,-39,0,0,neither_top_quartile
drg_calcium_sstlineage_ly,drg_calcium_episode_3,20240411_female1_left_L5_dob20230320-0734-0624,20240411female1left,20240411female1left,20240411_female1_left_L5_dob20230320,0002-0734-0624,200,0.0136331,1.6627,-1.5232,0,0,39.8,347,330,-17,0,0,neither_top_quartile
drg_calcium_sstlineage_ly,drg_calcium_episode_3,20240411_female1_left_L5_dob20230320-0810-0433,20240411female1left,20240411female1left,20240411_female1_left_L5_dob20230320,0002-0810-0433,200,0.161851,1.5735,-1.7307,0,0,39.8,353,337,-16,0,0,neither_top_quartile
drg_calcium_sstlineage_ly,drg_calcium_episode_3,20240410_female_left_L5_dob20230320-0559-0681,20240410femaleleft,20240410femaleleft,20240410_female_left_L5_dob20230320,0002-0559-0681,200,-0.102658,1.519,-2.186,0,0,39.8,355,306,-49,0,0,neither_top_quartile
